Período,Resíduo PARp,El Nino Forte,El Nino Médio,El Nino Fraco,La Nina Forte,La Nina Medio/Fraco,Manchas Solares,SOI,ENA,delta_ena,residuo_desp
Jan-32,0.19,0.00,1.00,0.00,0.00,0.00,12.10,1.80,4689,-3359.45,-996.225
Feb-32,0.14,0.00,1.00,0.00,0.00,0.00,10.60,-3.60,7195,-853.45,984.835032
Mar-32,-0.40,0.00,1.00,0.00,0.00,0.00,11.20,-2.50,8035,-13.45,1942.925598
Apr-32,-0.38,0.00,1.00,0.00,0.00,0.00,11.20,-2.10,20153,12104.55,13223.28348
May-32,-0.03,0.00,1.00,0.00,0.00,0.00,17.90,2.80,14716,6667.55,-3538.936632
Jun-32,0.34,0.00,1.00,0.00,0.00,0.00,22.20,-4.70,12313,4264.55,-658.42275
Jul-32,-0.05,0.00,1.00,0.00,0.00,0.00,9.60,-5.00,8696,647.55,-5614.879626
Aug-32,-0.05,0.00,1.00,0.00,0.00,0.00,6.80,-6.90,6262,-1786.45,-2159.821706
Sep-32,-0.26,0.00,1.00,0.00,0.00,0.00,4.00,-8.80,11764,3715.55,2901.754074
Oct-32,0.42,0.00,1.00,0.00,0.00,0.00,8.90,-4.30,11947,3898.55,-507.6282017
Nov-32,-0.42,0.00,1.00,0.00,0.00,0.00,8.20,-4.70,5152,-2896.45,-3306.561432
Dec-32,0.95,0.00,1.00,0.00,0.00,0.00,11.00,3.20,6936,-1112.45,1742.090112
Jan-33,0.17,0.00,0.00,0.00,0.00,0.00,12.30,-11.10,2613,-5435.45,-3845.625
Feb-33,-0.84,0.00,0.00,0.00,0.00,0.00,22.20,4.90,3191,-4857.45,-1643.237956
Mar-33,-0.70,0.00,0.00,0.00,0.00,0.00,10.10,-2.00,2874,-5174.45,-1329.114258
Apr-33,0.10,0.00,0.00,0.00,0.00,0.00,2.90,3.60,1718,-6330.45,-1880.415702
May-33,-0.25,0.00,0.00,0.00,0.00,0.00,3.20,6.00,2136,-5912.45,-2464.784616
Jun-33,-0.14,0.00,0.00,0.00,0.00,0.00,5.20,-3.90,2265,-5783.45,-3197.457625
Jul-33,-0.06,0.00,0.00,0.00,0.00,0.00,2.80,3.50,2464,-5584.45,-1101.30804
Aug-33,-0.21,0.00,0.00,0.00,0.00,0.00,0.20,-0.50,3538,-4510.45,-2662.599289
Sep-33,0.03,0.00,0.00,0.00,0.00,0.00,5.10,2.00,5130,-2918.45,-2150.9715
Oct-33,0.02,0.00,0.00,0.00,0.00,0.00,3.00,3.60,10054,2005.55,810.462422
Nov-33,-0.79,0.00,0.00,0.00,0.00,0.00,0.60,7.20,4298,-3750.45,-3350.177874
Dec-33,0.34,0.00,0.00,0.00,0.00,0.00,0.30,8.20,1852,-6196.45,-3004.939616
Jan-34,-0.32,0.00,0.00,0.00,0.00,0.00,3.40,6.50,3581,-4467.45,-952.35
Feb-34,-0.96,0.00,0.00,0.00,0.00,0.00,7.80,0.10,7954,-94.45,2478.220166
Mar-34,-0.50,0.00,0.00,0.00,0.00,0.00,4.30,0.20,5050,-2998.45,-1400.155164
Apr-34,-0.23,0.00,0.00,0.00,0.00,0.00,11.30,6.10,6905,-1143.45,1902.026016
May-34,-0.42,0.00,0.00,0.00,0.00,0.00,19.70,-7.40,5869,-2179.45,-2573.652984
Jun-34,-0.13,0.00,0.00,0.00,0.00,0.00,6.70,10.70,4426,-3622.45,-3264.69375
Jul-34,-0.34,0.00,0.00,0.00,0.00,0.00,9.30,2.90,3534,-4514.45,-2741.19777
Aug-34,-0.51,0.00,0.00,0.00,0.00,0.00,8.30,-22.40,4580,-3468.45,-2001.957034
Sep-34,0.55,0.00,0.00,0.00,0.00,0.00,4.00,-6.40,5054,-2994.45,-2831.80074
Oct-34,-0.10,0.00,0.00,0.00,0.00,0.00,5.70,4.20,6043,-2005.45,-3163.774564
Nov-34,-1.02,0.00,0.00,0.00,0.00,0.00,8.70,13.10,2539,-5509.45,-3392.136684
Dec-34,0.60,0.00,0.00,0.00,0.00,0.00,15.40,-2.40,5153,-2895.45,989.988384
Jan-35,0.32,0.00,0.00,0.00,0.00,0.00,18.60,6.50,2748,-5300.45,-3035.325
Feb-35,0.82,0.00,0.00,0.00,0.00,0.00,20.50,-4.60,2160,-5888.45,-2763.727376
Mar-35,-0.10,0.00,0.00,0.00,0.00,0.00,23.10,12.20,3656,-4392.45,-60.7222224
Apr-35,0.81,0.00,0.00,0.00,0.00,0.00,12.20,2.80,2079,-5969.45,-2024.166078
May-35,-0.38,0.00,0.00,0.00,0.00,0.00,27.30,-6.60,1342,-6706.45,-3526.191648
Jun-35,-0.40,0.00,0.00,0.00,0.00,0.00,45.70,-2.30,4405,-3643.45,-583.531875
Jul-35,-0.60,0.00,0.00,0.00,0.00,0.00,33.90,-0.40,8326,277.55,3820.386186
Aug-35,0.70,0.00,0.00,0.00,0.00,0.00,30.10,2.10,12143,4094.55,3853.003525
Sep-35,-0.31,0.00,0.00,0.00,0.00,0.00,42.10,6.30,15144,7095.55,2867.837306
Oct-35,1.96,0.00,0.00,0.00,0.00,0.00,53.20,7.30,32168,24119.55,18077.18912
Nov-35,-1.55,0.00,0.00,0.00,0.00,0.00,64.20,3.90,8490,441.55,-8624.8665
Dec-35,-0.75,0.00,0.00,0.00,0.00,0.00,61.50,-4.00,8880,831.55,2369.218432
Jan-36,-0.71,0.00,0.00,0.00,0.00,0.00,62.80,-2.00,9376,1327.55,2181.4125
Feb-36,-1.02,0.00,0.00,0.00,0.00,0.00,74.30,0.60,3446,-4602.45,-5870.5909
Mar-36,1.01,0.00,0.00,0.00,0.00,0.00,77.10,1.80,2789,-5259.45,-1534.432392
Apr-36,0.02,0.00,0.00,0.00,0.00,0.00,74.90,22.60,1937,-6111.45,-1606.565664
May-36,-0.42,0.00,0.00,0.00,0.00,0.00,54.60,4.40,5246,-2802.45,483.0051156
Jun-36,-0.31,0.00,0.00,0.00,0.00,0.00,70.00,-1.50,22305,14256.55,14986.1725
Jul-36,-0.39,0.00,0.00,0.00,0.00,0.00,52.30,4.20,8177,128.55,-8287.0704
Aug-36,0.04,0.00,0.00,0.00,0.00,0.00,87.00,-8.90,13442,5393.55,5205.135838
Sep-36,0.65,0.00,0.00,0.00,0.00,0.00,76.00,2.60,11377,3328.55,-1653.193052
Oct-36,-0.51,0.00,0.00,0.00,0.00,0.00,89.00,-0.10,11911,3862.55,-356.3010245
Nov-36,-0.48,0.00,0.00,0.00,0.00,0.00,115.40,-13.90,6728,-1320.45,-1715.13111
Dec-36,0.21,0.00,0.00,0.00,0.00,0.00,123.40,0.60,4120,-3928.45,-1695.620808
Jan-37,0.88,0.00,0.00,0.00,0.00,0.00,132.50,9.40,4407,-3641.45,-985.1625
Feb-37,-1.18,0.00,0.00,0.00,0.00,0.00,128.50,-5.00,4018,-4030.45,-2005.276044
Mar-37,-0.48,0.00,0.00,0.00,0.00,0.00,83.90,6.20,7108,-940.45,2514.73932
Apr-37,0.25,0.00,0.00,0.00,0.00,0.00,109.30,2.00,5965,-2083.45,-366.380388
May-37,0.12,0.00,0.00,0.00,0.00,0.00,116.70,-0.30,3594,-4454.45,-4152.422988
Jun-37,0.01,0.00,0.00,0.00,0.00,0.00,130.30,3.40,2782,-5266.45,-3550.718625
Jul-37,-0.50,0.00,0.00,0.00,0.00,0.00,145.10,-5.60,4275,-3773.45,-157.9450194
Aug-37,-0.22,0.00,0.00,0.00,0.00,0.00,137.70,3.30,6032,-2016.45,-814.049152
Sep-37,-0.19,0.00,0.00,0.00,0.00,0.00,100.70,0.80,7223,-825.45,-1505.68005
Oct-37,0.78,0.00,0.00,0.00,0.00,0.00,124.90,-2.50,10987,2938.55,730.388788
Nov-37,1.09,0.00,0.00,0.00,0.00,0.00,74.40,-2.00,10931,2882.55,2883.399063
Dec-37,0.42,0.00,0.00,0.00,0.00,0.00,88.80,6.70,4863,-3185.45,-2610.798512
Jan-38,-0.87,0.00,0.00,0.00,0.00,0.00,98.40,7.50,7193,-855.45,1519.5
Feb-38,-0.74,0.00,0.00,0.00,0.00,0.00,119.20,3.40,11962,3913.55,4092.226052
Mar-38,-0.49,0.00,0.00,0.00,0.00,0.00,86.50,-3.60,4004,-4044.45,-4336.98174
Apr-38,-0.18,0.00,0.00,0.00,0.00,0.00,101.00,3.60,5731,-2317.45,1403.197884
May-38,0.18,0.00,0.00,0.00,0.00,0.00,127.40,13.10,12327,4278.55,4753.938588
Jun-38,-0.06,0.00,0.00,0.00,0.00,0.00,97.50,18.00,16635,8586.55,5089.551875
Jul-38,0.22,0.00,0.00,0.00,0.00,0.00,165.30,18.50,18404,10355.55,2498.97231
Aug-38,0.01,0.00,0.00,0.00,0.00,0.00,115.70,13.00,5320,-2728.45,-6561.8448
Sep-38,-0.25,0.00,0.00,0.00,0.00,0.00,89.60,7.50,4917,-3131.45,-3398.410276
Oct-38,-0.01,0.00,0.00,0.00,0.00,0.00,99.10,12.80,4487,-3561.45,-4653.463918
Nov-38,-0.39,0.00,0.00,0.00,0.00,0.00,122.20,1.90,4322,-3726.45,-943.037205
Dec-38,0.40,0.00,0.00,0.00,1.00,0.00,92.70,13.80,2856,-5192.45,-2010.428672
Jan-39,0.17,0.00,0.00,0.00,1.00,0.00,80.30,17.00,3544,-4504.45,-1369.5375
Feb-39,-0.18,0.00,0.00,0.00,1.00,0.00,77.40,7.70,4234,-3814.45,-1217.284936
Mar-39,-1.36,0.00,0.00,0.00,1.00,0.00,64.60,11.60,8129,80.55,3433.6971
Apr-39,-0.27,0.00,0.00,0.00,1.00,0.00,109.10,9.40,5251,-2797.45,-1739.411388
May-39,0.23,0.00,0.00,0.00,1.00,0.00,118.30,-1.10,9776,1727.55,2558.466204
Jun-39,-0.06,0.00,0.00,0.00,1.00,0.00,101.00,-1.50,7213,-835.45,-2809.75025
Jul-39,-0.06,0.00,0.00,0.00,1.00,0.00,97.60,8.10,6463,-1585.45,-2954.839068
Aug-39,-0.37,0.00,0.00,0.00,1.00,0.00,105.80,-0.50,3875,-4173.45,-3750.950196
Sep-39,-0.05,0.00,0.00,0.00,1.00,0.00,112.60,-9.40,8751,702.55,1274.435027
Oct-39,-0.33,0.00,0.00,0.00,1.00,0.00,88.10,-14.70,5251,-2797.45,-5745.249931
Nov-39,0.45,0.00,0.00,0.00,1.00,0.00,68.10,-8.00,13043,4994.55,7451.05584
Dec-39,-0.17,1.00,0.00,0.00,0.00,0.00,42.10,-8.60,18520,10471.55,10213.07112
Jan-40,0.10,1.00,0.00,0.00,0.00,0.00,50.50,-0.10,9202,1153.55,-1642.95
Feb-40,0.99,1.00,0.00,0.00,0.00,0.00,59.40,-4.10,6404,-1644.45,-2797.355246
Mar-40,0.30,1.00,0.00,0.00,0.00,0.00,83.30,-10.60,3668,-4380.45,-2050.910334
Apr-40,-1.12,1.00,0.00,0.00,0.00,0.00,60.70,-9.60,7119,-929.45,3008.052234
May-40,0.15,1.00,0.00,0.00,0.00,0.00,54.40,-14.50,7368,-680.45,-1233.10698
Jun-40,-0.41,1.00,0.00,0.00,0.00,0.00,83.90,-19.30,4887,-3161.45,-3698.443875
Jul-40,-0.36,1.00,0.00,0.00,0.00,0.00,67.50,-15.40,5490,-2558.45,-1636.073316
Aug-40,-0.29,1.00,0.00,0.00,0.00,0.00,105.50,-18.50,7207,-841.45,-72.1327432
Sep-40,-0.12,1.00,0.00,0.00,0.00,0.00,66.50,-19.60,4220,-3828.45,-5190.761832
Oct-40,-0.29,1.00,0.00,0.00,0.00,0.00,55.00,-18.40,6566,-1482.45,-2237.065477
Nov-40,1.04,1.00,0.00,0.00,0.00,0.00,58.40,-6.70,3784,-4264.45,-2371.035372
Dec-40,-0.89,1.00,0.00,0.00,0.00,0.00,68.30,-29.40,5715,-2333.45,1060.804136
Jan-41,-0.09,1.00,0.00,0.00,0.00,0.00,45.60,-9.70,5907,-2141.45,-89.11875
Feb-41,-0.94,1.00,0.00,0.00,0.00,0.00,44.50,-15.40,10803,2754.55,3785.575044
Mar-41,-0.55,1.00,0.00,0.00,0.00,0.00,46.40,-10.60,6277,-1771.45,-1517.223924
Apr-41,0.38,1.00,0.00,0.00,0.00,0.00,32.80,-11.20,6845,-1203.45,1049.990634
May-41,-0.95,1.00,0.00,0.00,0.00,0.00,29.50,-6.60,15297,7248.55,6898.96704
Jun-41,0.18,1.00,0.00,0.00,0.00,0.00,59.80,-14.40,11048,2999.55,-2270.26175
Jul-41,0.01,1.00,0.00,0.00,0.00,0.00,66.90,-20.60,7439,-609.45,-6359.3919
Aug-41,0.18,1.00,0.00,0.00,0.00,0.00,60.00,-19.10,14816,6767.55,6842.38744
Sep-41,0.48,1.00,0.00,0.00,0.00,0.00,65.90,-8.20,8386,337.55,-5441.770854
Oct-41,0.42,1.00,0.00,0.00,0.00,0.00,46.30,-20.20,8207,158.55,-2612.585506
Nov-41,-0.05,1.00,0.00,0.00,0.00,0.00,38.40,-9.30,10566,2517.55,3708.43359
Dec-41,-0.01,0.00,0.00,0.00,0.00,0.00,33.70,-8.60,8040,-8.45,710.192672
Jan-42,-0.69,0.00,0.00,0.00,0.00,0.00,35.60,-13.00,4021,-4027.45,-2855.5125
Feb-42,-0.05,0.00,0.00,0.00,0.00,0.00,52.80,-3.60,9081,1032.55,3313.597998
Mar-42,0.79,0.00,0.00,0.00,0.00,0.00,54.20,-5.80,7137,-911.45,155.164086
Apr-42,0.09,0.00,0.00,0.00,0.00,0.00,60.70,-5.50,9355,1306.55,3004.908192
May-42,-0.28,0.00,0.00,0.00,0.00,0.00,25.00,5.20,9651,1602.55,-606.28008
Jun-42,0.50,0.00,0.00,0.00,0.00,0.00,11.40,8.30,8017,-31.45,-1931.16775
Jul-42,-0.02,0.00,0.00,0.00,0.00,0.00,17.70,-1.00,7526,-522.45,-2312.357454
Aug-42,-0.63,0.00,0.00,0.00,0.00,0.00,20.20,4.00,6970,-1078.45,-1034.79817
Sep-42,0.10,0.00,0.00,0.00,0.00,0.00,17.20,8.70,5542,-2506.45,-3731.218562
Oct-42,-0.41,0.00,0.00,0.00,0.00,0.00,19.20,8.50,6644,-1404.45,-2798.979872
Nov-42,0.07,0.00,0.00,0.00,0.00,0.00,30.70,-4.00,2675,-5373.45,-3513.402825
Dec-42,0.19,0.00,0.00,0.00,0.00,0.00,22.50,13.80,2035,-6013.45,-2181.645256
Jan-43,1.60,0.00,0.00,0.00,0.00,0.00,12.50,9.40,1890,-6158.45,-2712.6375
Feb-43,-0.09,0.00,0.00,0.00,0.00,0.00,28.90,10.50,3149,-4899.45,-1206.031688
Mar-43,0.43,0.00,0.00,0.00,0.00,0.00,27.40,4.00,2356,-5692.45,-1827.328194
Apr-43,-0.78,0.00,0.00,0.00,0.00,0.00,26.10,13.50,1523,-6525.45,-1741.082904
May-43,-0.48,0.00,0.00,0.00,0.00,0.00,14.10,2.80,2739,-5309.45,-1717.356816
Jun-43,0.17,0.00,0.00,0.00,0.00,0.00,7.60,-7.90,9759,1710.55,3936.655125
Jul-43,-0.31,0.00,0.00,0.00,0.00,0.00,13.20,2.90,6895,-1153.45,-1276.55154
Aug-43,-0.20,0.00,0.00,0.00,0.00,0.00,19.40,7.80,11462,3413.55,3682.062713
Sep-43,-0.04,0.00,0.00,0.00,0.00,0.00,10.00,5.70,9647,1598.55,-2233.768316
Oct-43,0.66,0.00,0.00,0.00,0.00,0.00,7.80,9.10,7349,-699.45,-4080.95742
Nov-43,0.43,0.00,0.00,0.00,0.00,0.00,10.20,3.90,4592,-3456.45,-1898.195844
Dec-43,-0.63,0.00,0.00,0.00,0.00,0.00,18.80,-8.60,2579,-5469.45,-2393.94176
Jan-44,-1.24,0.00,0.00,0.00,0.00,0.00,3.70,-8.20,5426,-2622.45,617.3625
Feb-44,0.12,0.00,0.00,0.00,0.00,0.00,0.50,3.90,2978,-5070.45,-3720.649078
Mar-44,0.20,0.00,0.00,0.00,0.00,0.00,11.00,5.60,6047,-2001.45,1944.396954
Apr-44,-0.56,0.00,0.00,0.00,0.00,0.00,0.30,-5.50,2729,-5319.45,-2917.511784
May-44,-0.35,0.00,0.00,0.00,0.00,0.00,2.50,-1.10,1389,-6659.45,-3960.593112
Jun-44,-0.15,0.00,0.00,0.00,0.00,0.00,5.00,-3.90,2495,-5553.45,-2521.554625
Jul-44,-0.28,0.00,0.00,0.00,0.00,0.00,5.00,-8.90,2281,-5767.45,-1128.56814
Aug-44,-0.39,0.00,0.00,0.00,0.00,0.00,16.70,3.30,1230,-6818.45,-4905.33561
Sep-44,-0.07,0.00,0.00,0.00,0.00,0.00,14.30,2.60,2306,-5742.45,-3635.141835
Oct-44,-0.40,0.00,0.00,0.00,0.00,0.00,16.90,-8.60,2206,-5842.45,-5670.638891
Nov-44,0.21,0.00,0.00,0.00,0.00,0.00,10.80,-6.70,4102,-3946.45,-186.5820219
Dec-44,-0.77,0.00,0.00,0.00,0.00,0.00,28.40,4.20,3045,-5003.45,-1734.627888
Jan-45,-0.20,0.00,0.00,0.00,0.00,0.00,18.50,5.10,1148,-6900.45,-3837
Feb-45,1.25,0.00,0.00,0.00,0.00,0.00,12.70,6.30,2602,-5446.45,-1261.242936
Mar-45,0.04,0.00,0.00,0.00,0.00,0.00,21.50,13.20,3184,-4864.45,-741.243564
Apr-45,1.42,0.00,0.00,0.00,0.00,0.00,32.00,-7.10,1557,-6491.45,-2241.502956
May-45,-0.88,0.00,0.00,0.00,0.00,0.00,30.60,-0.30,1185,-6863.45,-3296.543712
Jun-45,-0.41,0.00,0.00,0.00,0.00,0.00,36.20,8.30,1844,-6204.45,-3050.81775
Jul-45,0.15,0.00,0.00,0.00,0.00,0.00,42.60,3.50,6075,-1973.45,3124.474776
Aug-45,-0.89,0.00,0.00,0.00,0.00,0.00,25.90,11.70,3612,-4436.45,-3875.649022
Sep-45,-0.34,0.00,0.00,0.00,0.00,0.00,34.90,8.70,3555,-4493.45,-3768.87615
Oct-45,-0.51,0.00,0.00,0.00,0.00,0.00,68.80,2.40,3953,-4095.45,-4528.223958
Nov-45,0.74,0.00,0.00,0.00,0.00,0.00,46.00,-3.40,2613,-5435.45,-2423.457984
Dec-45,1.46,0.00,0.00,0.00,0.00,0.00,27.40,6.70,2943,-5105.45,-1249.206448
Jan-46,0.60,0.00,0.00,0.00,0.00,0.00,47.60,-2.50,7867,-181.45,2920.575
Feb-46,-0.72,0.00,0.00,0.00,0.00,0.00,86.20,4.40,18690,10641.55,10373.64842
Mar-46,0.89,0.00,0.00,0.00,0.00,0.00,76.60,-2.00,12658,4609.55,1142.955738
Apr-46,-0.32,0.00,0.00,0.00,0.00,0.00,75.70,-9.60,5371,-2677.45,-4542.9417
May-46,-0.23,0.00,0.00,0.00,0.00,0.00,84.90,-11.40,5071,-2977.45,-2235.43446
Jun-46,0.03,0.00,0.00,0.00,0.00,0.00,73.50,-9.60,8596,547.55,1381.682375
Jul-46,0.91,0.00,0.00,0.00,0.00,0.00,116.20,-10.20,14746,6697.55,6347.709
Aug-46,-0.77,0.00,0.00,0.00,0.00,0.00,107.20,-4.40,5869,-2179.45,-4709.252947
Sep-46,-0.54,0.00,0.00,0.00,0.00,0.00,94.40,-16.00,5112,-2936.45,-3522.044377
Oct-46,-0.39,0.00,0.00,0.00,0.00,0.00,102.30,-12.30,9438,1389.55,203.1685266
Nov-46,-0.50,0.00,0.00,0.00,0.00,0.00,123.80,-1.40,5902,-2146.45,-1482.492819
Dec-46,-0.71,0.00,1.00,0.00,0.00,0.00,121.70,-5.50,7783,-265.45,2293.201736
Jan-47,0.38,0.00,1.00,0.00,0.00,0.00,115.70,-4.90,5985,-2063.45,-794.2125
Feb-47,0.28,0.00,1.00,0.00,0.00,0.00,133.40,-4.10,8344,295.55,1274.869916
Mar-47,2.52,0.00,1.00,0.00,0.00,0.00,129.80,11.60,5992,-2056.45,-642.150936
Apr-47,-0.12,0.00,1.00,0.00,0.00,0.00,149.80,-4.60,3186,-4862.45,-2425.011534
May-47,-0.63,0.00,1.00,0.00,0.00,0.00,201.30,-13.70,3839,-4209.45,-1849.094688
Jun-47,-0.39,0.00,1.00,0.00,0.00,0.00,163.90,2.60,7623,-425.45,1144.042375
Jul-47,-0.18,0.00,1.00,0.00,0.00,0.00,157.90,9.40,5924,-2124.45,-1428.351354
Aug-47,0.28,0.00,1.00,0.00,0.00,0.00,188.80,7.20,7454,-594.45,20.17529528
Sep-47,0.65,0.00,1.00,0.00,0.00,0.00,169.40,11.70,15032,6983.55,5477.80742
Oct-47,0.01,0.00,1.00,0.00,0.00,0.00,163.60,-1.90,12364,4315.55,-1672.419785
Nov-47,-0.77,0.00,1.00,0.00,0.00,0.00,128.00,9.20,5149,-2899.45,-3488.072136
Dec-47,0.59,0.00,0.00,0.00,0.00,0.00,116.50,5.20,6641,-1407.45,1448.274464
Jan-48,-0.36,0.00,0.00,0.00,0.00,0.00,108.50,-3.00,4555,-3493.45,-1791.7875
Feb-48,-0.01,0.00,0.00,0.00,0.00,0.00,86.10,-2.70,7360,-688.45,1238.648524
Mar-48,0.39,0.00,0.00,0.00,0.00,0.00,94.80,-4.10,6248,-1800.45,78.077826
Apr-48,-0.25,0.00,0.00,0.00,0.00,0.00,189.70,2.80,6341,-1707.45,564.73362
May-48,-0.65,0.00,0.00,0.00,0.00,0.00,174.00,3.60,10394,2345.55,2369.13768
Jun-48,0.17,0.00,0.00,0.00,0.00,0.00,167.80,-4.70,5938,-2110.45,-4453.636375
Jul-48,-0.39,0.00,0.00,0.00,0.00,0.00,142.20,0.90,6885,-1163.45,-2028.852414
Aug-48,0.41,0.00,0.00,0.00,0.00,0.00,157.90,-4.40,14826,6777.55,7049.82257
Sep-48,-0.53,0.00,0.00,0.00,0.00,0.00,143.30,-7.60,4924,-3124.45,-8909.3863
Oct-48,-0.29,0.00,0.00,0.00,0.00,0.00,136.30,6.10,6432,-1616.45,-2711.844836
Nov-48,-0.03,0.00,0.00,0.00,0.00,0.00,95.80,4.60,7155,-893.45,1057.310211
Dec-48,1.03,0.00,0.00,0.00,1.00,0.00,138.00,-5.50,2256,-5792.45,-3728.09696
Jan-49,-0.76,0.00,0.00,0.00,1.00,0.00,119.10,-7.30,2488,-5560.45,-2198.325
Feb-49,0.97,0.00,0.00,0.00,1.00,0.00,182.30,2.00,1418,-6630.45,-3333.379098
Mar-49,-0.62,0.00,0.00,0.00,1.00,0.00,157.50,5.60,3193,-4855.45,-173.6711856
Apr-49,-0.53,0.00,0.00,0.00,1.00,0.00,147.00,1.20,5709,-2339.45,1904.652684
May-49,-0.06,0.00,0.00,0.00,1.00,0.00,106.20,-5.80,4146,-3902.45,-3410.77212
Jun-49,-0.14,0.00,0.00,0.00,1.00,0.00,121.70,-12.00,7506,-542.45,843.793375
Jul-49,-0.28,0.00,0.00,0.00,1.00,0.00,125.80,-1.70,4436,-3612.45,-2967.300828
Aug-49,-0.27,0.00,0.00,0.00,1.00,0.00,123.80,-4.40,4639,-3409.45,-2264.430826
Sep-49,-0.19,0.00,0.00,0.00,1.00,0.00,145.30,2.00,6743,-1305.45,-1177.049013
Oct-49,-0.24,0.00,0.00,0.00,1.00,0.00,131.60,5.40,5544,-2504.45,-4480.326335
Nov-49,-0.19,0.00,0.00,0.00,1.00,0.00,143.50,-6.00,2628,-5420.45,-3089.515242
Dec-49,-0.09,0.00,0.00,0.00,1.00,0.00,117.60,7.70,1978,-6070.45,-2220.124704
Jan-50,-0.51,0.00,0.00,0.00,1.00,0.00,101.60,5.10,5235,-2813.45,653.9625
Feb-50,0.87,0.00,0.00,0.00,1.00,0.00,94.80,17.60,4891,-3157.45,-1681.041836
Mar-50,-0.13,0.00,0.00,0.00,1.00,0.00,109.70,17.60,7626,-422.45,2620.900854
Apr-50,-0.28,0.00,0.00,0.00,1.00,0.00,113.40,16.80,3501,-4547.45,-3164.73696
May-50,-0.24,0.00,0.00,0.00,1.00,0.00,106.20,7.60,4476,-3572.45,-1445.42412
Jun-50,-0.29,0.00,0.00,0.00,1.00,0.00,83.60,26.90,3853,-4195.45,-3006.203125
Jul-50,-0.19,0.00,0.00,0.00,1.00,0.00,91.00,21.10,3702,-4346.45,-1698.148458
Aug-50,-0.47,0.00,0.00,0.00,1.00,0.00,85.20,12.30,6835,-1213.45,193.1643063
Sep-50,-0.18,0.00,0.00,0.00,1.00,0.00,51.30,6.90,5384,-2664.45,-3810.835681
Oct-50,0.21,0.00,0.00,0.00,1.00,0.00,61.40,17.10,17190,9141.55,7823.50048
Nov-50,0.76,0.00,0.00,0.00,1.00,0.00,54.80,12.50,6342,-1706.45,-4361.022588
Dec-50,-0.09,0.00,0.00,0.00,1.00,0.00,54.10,23.00,4836,-3212.45,-827.364664
Jan-51,-0.21,0.00,0.00,0.00,1.00,0.00,59.90,16.50,5776,-2272.45,112.72875
Feb-51,0.49,0.00,0.00,0.00,1.00,0.00,59.90,9.60,10946,2897.55,4015.387468
Mar-51,0.40,0.00,0.00,0.00,1.00,0.00,55.90,-1.40,10362,2313.55,2500.34562
Apr-51,-0.06,0.00,0.00,0.00,1.00,0.00,92.90,-1.30,3431,-4617.45,-5000.6187
May-51,-0.62,0.00,0.00,0.00,1.00,0.00,108.50,-6.60,1902,-6146.45,-3967.561164
Jun-51,-0.09,0.00,0.00,0.00,1.00,0.00,100.60,5.00,1899,-6149.45,-3423.786875
Jul-51,-0.29,0.00,0.00,0.00,1.00,0.00,61.50,-8.20,2442,-5606.45,-818.97129
Aug-51,-0.12,0.00,0.00,0.00,1.00,0.00,61.00,-0.50,1217,-6831.45,-4975.709018
Sep-51,-0.35,0.00,0.00,0.00,1.00,0.00,83.10,-7.00,1397,-6651.45,-4536.617108
Oct-51,-0.37,0.00,0.00,0.00,1.00,0.00,51.60,-8.00,13056,5007.55,5619.343801
Nov-51,-0.91,0.00,0.00,0.00,1.00,0.00,52.40,-3.40,9680,1631.55,746.659614
Dec-51,-0.42,0.00,0.00,0.00,,0.00,45.80,-3.00,5814,-2234.45,-1166.25516
Jan-52,-0.59,0.00,0.00,0.00,0.00,0.00,40.70,-9.20,3270,-4778.45,-2763.6375
Feb-52,0.29,0.00,0.00,0.00,0.00,0.00,22.70,-7.90,3049,-4999.45,-2220.670244
Mar-52,1.86,0.00,0.00,0.00,0.00,0.00,22.00,0.20,2037,-6011.45,-2099.145222
Apr-52,-0.81,0.00,0.00,0.00,0.00,0.00,29.10,-8.80,1759,-6289.45,-1299.165912
May-52,-0.66,0.00,0.00,0.00,0.00,0.00,23.40,6.00,957,-7091.45,-3674.188308
Jun-52,0.21,0.00,0.00,0.00,0.00,0.00,36.40,7.40,6677,-1371.45,1918.314625
Jul-52,-0.44,0.00,0.00,0.00,0.00,0.00,39.30,3.50,7527,-521.45,1845.275112
Aug-52,-0.33,0.00,0.00,0.00,0.00,0.00,54.90,-3.70,3017,-5031.45,-4988.190788
Sep-52,0.12,0.00,0.00,0.00,0.00,0.00,28.20,-3.40,9124,1075.55,2145.484964
Oct-52,-0.15,0.00,0.00,0.00,0.00,0.00,23.80,1.80,14442,6393.55,3265.232255
Nov-52,0.12,0.00,0.00,0.00,0.00,0.00,22.10,-0.70,8945,896.55,-581.621628
Dec-52,-0.92,0.00,0.00,1.00,0.00,0.00,34.30,-12.60,3856,-4192.45,-2834.288352
Jan-53,-1.28,0.00,0.00,1.00,0.00,0.00,26.50,2.20,4523,-3525.45,-769.2
Feb-53,-0.79,0.00,0.00,1.00,0.00,0.00,3.90,-6.00,5947,-2101.45,-153.149672
Mar-53,-0.30,0.00,0.00,1.00,0.00,0.00,10.00,-5.80,3586,-4462.45,-1917.336798
Apr-53,0.80,0.00,0.00,1.00,0.00,0.00,27.80,-0.50,3391,-4657.45,-667.01448
May-53,-0.73,0.00,0.00,1.00,0.00,0.00,12.50,-31.90,2826,-5222.45,-3013.950492
Jun-53,0.01,0.00,0.00,1.00,0.00,0.00,21.80,-2.30,4704,-3344.45,-1170.319875
Jul-53,-0.49,0.00,0.00,1.00,0.00,0.00,8.60,-1.00,3712,-4336.45,-1544.167836
Aug-53,-0.37,0.00,0.00,1.00,0.00,0.00,23.50,-17.20,3054,-4994.45,-3591.421288
Sep-53,0.37,0.00,0.00,1.00,0.00,0.00,19.30,-13.00,11554,3505.55,4553.949574
Oct-53,0.50,0.00,0.00,1.00,0.00,0.00,8.20,-0.10,15409,7360.55,3056.054875
Nov-53,-0.37,0.00,0.00,1.00,0.00,0.00,1.60,-2.00,13225,5176.55,3284.390604
Dec-53,-0.24,0.00,0.00,0.00,1.00,0.00,2.50,-4.00,5629,-2419.45,-2749.791856
Jan-54,-1.32,0.00,0.00,0.00,1.00,0.00,0.20,6.00,8931,882.55,2967.45
Feb-54,0.12,0.00,0.00,0.00,1.00,0.00,0.50,-3.60,5879,-2169.45,-3142.733252
Mar-54,-1.19,0.00,0.00,0.00,1.00,0.00,10.90,-0.90,7018,-1030.45,1546.778988
Apr-54,-0.30,0.00,0.00,0.00,1.00,0.00,1.80,6.90,5829,-2219.45,-444.304872
May-54,1.35,0.00,0.00,0.00,1.00,0.00,0.80,4.40,16141,8092.55,8495.06784
Jun-54,-0.33,0.00,0.00,0.00,1.00,0.00,0.20,-1.50,17860,9811.55,4037.994875
Jul-54,-0.44,0.00,0.00,0.00,1.00,0.00,4.80,4.20,17833,9784.55,-267.2502318
Aug-54,-0.63,0.00,0.00,0.00,1.00,0.00,8.40,10.40,5775,-2273.45,-5903.580025
Sep-54,-0.08,0.00,0.00,0.00,1.00,0.00,1.50,4.50,17927,9878.55,9347.68571
Oct-54,-0.44,0.00,0.00,0.00,1.00,0.00,7.00,1.80,21844,13795.55,6406.290422
Nov-54,-0.61,0.00,0.00,0.00,1.00,0.00,9.20,3.90,5921,-2127.45,-6774.53478
Dec-54,-0.51,0.00,0.00,0.00,1.00,0.00,7.60,12.80,3903,-4145.45,-1594.277776
Jan-55,-0.32,0.00,0.00,0.00,1.00,0.00,23.10,-5.40,3151,-4897.45,-2158.9875
Feb-55,-1.11,0.00,0.00,0.00,1.00,0.00,20.80,15.20,3981,-4067.45,-1209.812076
Mar-55,-0.58,0.00,0.00,0.00,1.00,0.00,4.90,2.90,3954,-4094.45,-621.80784
Apr-55,0.34,0.00,0.00,0.00,1.00,0.00,11.30,-3.00,8577,528.55,4281.46884
May-55,-0.85,0.00,0.00,0.00,1.00,0.00,28.90,13.10,12375,4326.55,2694.01566
Jun-55,0.58,0.00,0.00,0.00,1.00,0.00,31.70,16.40,17807,9758.55,6232.90875
Jul-55,-0.08,0.00,0.00,0.00,1.00,0.00,26.70,19.20,21792,13743.55,5184.559476
Aug-55,-0.64,0.00,0.00,0.00,1.00,0.00,40.70,14.90,9662,1613.55,-3427.672353
Sep-55,0.17,0.00,0.00,0.00,1.00,0.00,42.70,14.10,8967,918.55,-1868.913672
Oct-55,-0.44,0.00,0.00,0.00,1.00,0.00,58.50,15.20,5469,-2579.45,-5631.80118
Nov-55,-0.19,0.00,0.00,0.00,1.00,0.00,89.20,15.10,3142,-4906.45,-2543.4291
Dec-55,0.27,0.00,0.00,0.00,1.00,0.00,76.90,9.30,3303,-4745.45,-1097.889128
Jan-56,-0.86,0.00,0.00,0.00,1.00,0.00,73.60,11.30,7009,-1039.45,1926.225
Feb-56,-1.29,0.00,0.00,0.00,1.00,0.00,124.00,12.40,7284,-764.45,-463.844816
Mar-56,0.10,0.00,0.00,0.00,1.00,0.00,118.40,9.40,2994,-5054.45,-3140.097606
Apr-56,-0.25,0.00,0.00,0.00,1.00,0.00,110.70,11.10,10453,2404.55,6777.20142
May-56,1.08,0.00,0.00,0.00,1.00,0.00,136.60,17.90,11118,3069.55,47.4988878
Jun-56,0.87,0.00,0.00,0.00,1.00,0.00,116.60,12.30,6446,-1602.45,-4377.8315
Jul-56,-0.21,0.00,0.00,0.00,1.00,0.00,129.10,12.60,5372,-2676.45,-4119.312654
Aug-56,1.49,0.00,0.00,0.00,1.00,0.00,169.60,11.00,9131,1082.55,1893.900568
Sep-56,-1.39,0.00,0.00,0.00,1.00,0.00,173.20,0.20,10341,2292.55,-186.666918
Oct-56,-0.99,0.00,0.00,0.00,1.00,0.00,155.30,18.30,6184,-1864.45,-5581.83843
Nov-56,0.00,0.00,0.00,0.00,1.00,0.00,201.30,1.90,2729,-5319.45,-3262.478781
Dec-56,0.72,1.00,0.00,0.00,0.00,0.00,192.10,10.30,2122,-5926.45,-2115.955072
Jan-57,-0.03,1.00,0.00,0.00,0.00,0.00,165.00,5.60,3984,-4064.45,-651.5625
Feb-57,0.09,1.00,0.00,0.00,0.00,0.00,130.30,-2.20,7272,-776.45,1529.07903
Mar-57,0.45,1.00,0.00,0.00,0.00,0.00,157.40,-0.90,4056,-3992.45,-2072.404926
Apr-57,1.10,1.00,0.00,0.00,0.00,0.00,175.20,1.20,4082,-3966.45,-279.38196
May-57,-0.65,1.00,0.00,0.00,0.00,0.00,164.60,-12.20,3846,-4202.45,-2505.699588
Jun-57,-0.45,1.00,0.00,0.00,0.00,0.00,200.70,-2.30,6029,-2019.45,-454.14375
Jul-57,0.92,1.00,0.00,0.00,0.00,0.00,187.20,0.90,17426,9377.55,11000.61864
Aug-57,0.73,1.00,0.00,0.00,0.00,0.00,158.00,-9.50,31672,23623.55,20138.44434
Sep-57,0.91,1.00,0.00,0.00,0.00,0.00,235.80,-10.60,30381,22332.55,6768.39032
Oct-57,-1.25,1.00,0.00,0.00,0.00,0.00,253.80,-1.30,12189,4140.55,-9277.08342
Nov-57,-0.02,1.00,0.00,0.00,0.00,0.00,210.90,-11.90,8943,894.55,380.8305918
Dec-57,-0.01,1.00,0.00,0.00,0.00,0.00,239.40,-3.50,5481,-2567.45,-1208.503408
Jan-58,-1.10,1.00,0.00,0.00,0.00,0.00,202.50,-16.80,4006,-4042.45,-1901.5125
Feb-58,0.51,1.00,0.00,0.00,0.00,0.00,164.90,-6.90,2949,-5099.45,-2808.47662
Mar-58,-0.41,1.00,0.00,0.00,0.00,0.00,190.70,-1.40,7768,-280.45,3679.02972
Apr-58,0.19,1.00,0.00,0.00,0.00,0.00,196.00,1.20,3398,-4650.45,-3359.388978
May-58,0.40,1.00,0.00,0.00,0.00,0.00,175.30,-8.20,2268,-5780.45,-3577.112028
Jun-58,0.19,1.00,0.00,0.00,0.00,0.00,171.50,0.20,6764,-1284.45,1222.760625
Jul-58,-0.02,1.00,0.00,0.00,0.00,0.00,191.40,2.20,3587,-4461.45,-2654.35488
Aug-58,-0.39,1.00,0.00,0.00,0.00,0.00,200.20,7.80,8617,568.55,2016.162477
Sep-58,0.65,1.00,0.00,0.00,0.00,0.00,201.20,-3.40,14545,6496.55,4315.65934
Oct-58,-0.20,1.00,0.00,0.00,0.00,0.00,181.50,-1.90,11007,2958.55,-2793.717129
Nov-58,-0.41,1.00,0.00,0.00,0.00,0.00,152.30,-4.70,10094,2045.55,2037.799539
Dec-58,-0.78,1.00,0.00,0.00,0.00,0.00,187.60,-6.50,9725,1676.55,2581.401872
Jan-59,1.01,1.00,0.00,0.00,0.00,0.00,217.40,-8.70,5124,-2924.45,-2390.5875
Feb-59,-0.76,1.00,0.00,0.00,0.00,0.00,143.10,-14.00,6867,-1181.45,368.5174972
Mar-59,0.13,1.00,0.00,0.00,0.00,0.00,185.70,8.40,4080,-3968.45,-1857.363048
Apr-59,0.01,1.00,0.00,0.00,0.00,0.00,163.30,3.60,6741,-1307.45,2364.120594
May-59,-0.51,1.00,0.00,0.00,0.00,0.00,172.00,2.80,6986,-1062.45,-1335.126408
Jun-59,-0.05,1.00,0.00,0.00,0.00,0.00,168.70,-6.30,6746,-1302.45,-1611.439125
Jul-59,-0.37,1.00,0.00,0.00,0.00,0.00,149.60,-5.00,4544,-3504.45,-3518.344278
Aug-59,0.17,1.00,0.00,0.00,0.00,0.00,199.60,-5.00,5854,-2194.45,-1087.934848
Sep-59,-0.38,1.00,0.00,0.00,0.00,0.00,145.20,0.20,9640,1591.55,1014.635078
Oct-59,-0.24,1.00,0.00,0.00,0.00,0.00,111.40,4.20,6374,-1674.45,-5052.566365
Nov-59,0.03,1.00,0.00,0.00,0.00,0.00,124.00,11.10,2799,-5249.45,-3273.8232
Dec-59,-0.90,0.00,0.00,0.00,0.00,0.00,125.00,8.20,2212,-5836.45,-2053.581432
Jan-60,0.35,0.00,0.00,0.00,0.00,0.00,146.30,0.30,2100,-5948.45,-2569.6875
Feb-60,0.25,0.00,0.00,0.00,0.00,0.00,106.00,-2.20,3898,-4150.45,-596.202354
Mar-60,0.57,0.00,0.00,0.00,0.00,0.00,102.20,5.60,3304,-4744.45,-1232.676468
Apr-60,-0.46,0.00,0.00,0.00,0.00,0.00,122.00,7.80,3521,-4527.45,-354.978261
May-60,0.08,0.00,0.00,0.00,0.00,0.00,119.60,5.20,3028,-5020.45,-2908.238592
Jun-60,-0.18,0.00,0.00,0.00,0.00,0.00,110.20,-2.30,5268,-2780.45,-726.8585
Jul-60,-0.03,0.00,0.00,0.00,0.00,0.00,121.70,4.80,3424,-4624.45,-2239.61193
Aug-60,0.15,0.00,0.00,0.00,0.00,0.00,134.10,6.60,11682,3633.55,5139.279642
Sep-60,-0.62,0.00,0.00,0.00,0.00,0.00,127.20,6.90,12388,4339.55,379.4874849
Oct-60,-0.39,0.00,0.00,0.00,0.00,0.00,82.80,-0.70,10664,2615.55,-2092.639821
Nov-60,0.42,0.00,0.00,0.00,0.00,0.00,89.60,7.20,10635,2586.55,2725.665018
Dec-60,0.15,0.00,0.00,0.00,0.00,0.00,85.60,6.70,4720,-3328.45,-2636.991672
Jan-61,1.04,0.00,0.00,0.00,0.00,0.00,57.90,-2.50,4435,-3613.45,-1184.3625
Feb-61,0.40,0.00,0.00,0.00,0.00,0.00,46.10,6.30,4237,-3811.45,-1804.827564
Mar-61,0.91,0.00,0.00,0.00,0.00,0.00,53.00,-20.90,14131,6082.55,9434.59056
Apr-61,-0.42,0.00,0.00,0.00,0.00,0.00,61.40,9.40,8321,272.55,-2543.569776
May-61,0.69,0.00,0.00,0.00,0.00,0.00,51.00,1.30,6031,-2017.45,-3460.441824
Jun-61,-0.82,0.00,0.00,0.00,0.00,0.00,77.40,-3.10,7574,-474.45,-213.3675875
Jul-61,-0.41,0.00,0.00,0.00,0.00,0.00,70.20,2.20,5565,-2483.45,-2609.648316
Aug-61,-0.12,0.00,0.00,0.00,0.00,0.00,55.80,0.10,3161,-4887.45,-4144.839195
Sep-61,-0.29,0.00,0.00,0.00,0.00,0.00,63.60,0.80,18430,10381.55,11367.72851
Oct-61,-0.77,0.00,0.00,0.00,0.00,0.00,37.70,-5.00,19025,10976.55,3343.840315
Nov-61,0.04,0.00,0.00,0.00,0.00,0.00,32.60,7.20,16592,8543.55,5103.382719
Dec-61,-0.94,0.00,0.00,0.00,0.00,0.00,39.90,13.80,7609,-439.45,-2098.128648
Jan-62,0.13,0.00,0.00,0.00,0.00,0.00,38.70,17.00,4213,-3835.45,-2500.3125
Feb-62,0.47,0.00,0.00,0.00,0.00,0.00,50.30,5.30,5055,-2993.45,-839.685716
Mar-62,0.30,0.00,0.00,0.00,0.00,0.00,45.60,-1.40,6076,-1972.45,993.517146
Apr-62,-0.75,0.00,0.00,0.00,0.00,0.00,46.40,1.20,3085,-4963.45,-2580.223734
May-62,-0.07,0.00,0.00,0.00,0.00,0.00,43.70,12.30,3935,-4113.45,-1678.28808
Jun-62,0.06,0.00,0.00,0.00,0.00,0.00,42.00,5.00,3628,-4420.45,-2908.290875
Jul-62,-0.24,0.00,0.00,0.00,0.00,0.00,21.80,-0.40,3994,-4054.45,-1064.857392
Aug-62,-0.04,0.00,0.00,0.00,0.00,0.00,21.80,4.60,2788,-5260.45,-3957.90983
Sep-62,0.23,0.00,0.00,0.00,0.00,0.00,51.30,5.10,8039,-9.45,1193.383927
Oct-62,0.91,0.00,0.00,0.00,0.00,0.00,39.50,10.30,10048,1999.55,-603.6033136
Nov-62,-0.54,0.00,0.00,0.00,0.00,0.00,26.90,5.20,5208,-2840.45,-2437.599657
Dec-62,1.15,0.00,0.00,1.00,0.00,0.00,23.20,0.60,2745,-5303.45,-2470.976032
Jan-63,0.06,0.00,0.00,1.00,0.00,0.00,19.80,9.40,4556,-3492.45,-315.48375
Feb-63,-0.42,0.00,0.00,1.00,0.00,0.00,24.40,3.00,10201,2152.55,4078.994694
Mar-63,-0.93,0.00,0.00,1.00,0.00,0.00,17.10,7.30,9446,1397.55,1935.79272
Apr-63,-0.63,0.00,0.00,1.00,0.00,0.00,29.30,6.10,5769,-2279.45,-2071.4859
May-63,-0.30,0.00,0.00,1.00,0.00,0.00,43.00,2.80,2820,-5228.45,-4781.215236
Jun-63,0.10,0.00,0.00,1.00,0.00,0.00,35.90,-9.60,2106,-5942.45,-3764.708875
Jul-63,-0.10,0.00,0.00,1.00,0.00,0.00,19.60,-1.00,1930,-6118.45,-1808.12349
Aug-63,-0.21,0.00,0.00,1.00,0.00,0.00,33.20,-2.40,5023,-3025.45,-987.24857
Sep-63,-0.10,0.00,0.00,1.00,0.00,0.00,38.80,-5.20,6578,-1470.45,-1564.972047
Oct-63,-0.27,0.00,0.00,1.00,0.00,0.00,35.30,-12.90,19233,11184.55,9288.40831
Nov-63,-0.04,0.00,0.00,1.00,0.00,0.00,23.40,-9.30,17450,9401.55,5872.16136
Dec-63,-1.71,0.00,0.00,0.00,0.00,1.00,14.90,-11.60,8557,508.55,-1488.638312
Jan-64,0.19,0.00,0.00,0.00,0.00,1.00,15.30,-4.00,3056,-4992.45,-4016.25
Feb-64,0.80,0.00,0.00,0.00,0.00,1.00,17.70,-0.30,4200,-3848.45,-927.865464
Mar-64,-1.28,0.00,0.00,0.00,0.00,1.00,16.50,8.40,3220,-4828.45,-1459.137348
Apr-64,-0.56,0.00,0.00,0.00,0.00,1.00,8.60,13.50,5450,-2598.45,1628.255574
May-64,-0.10,0.00,0.00,0.00,0.00,1.00,9.50,2.80,6126,-1922.45,-1238.943468
Jun-64,-0.11,0.00,0.00,0.00,0.00,1.00,9.10,7.40,5086,-2962.45,-2758.10925
Jul-64,0.09,0.00,0.00,0.00,0.00,1.00,3.10,6.80,5928,-2120.45,-832.056138
Aug-64,-0.22,0.00,0.00,0.00,0.00,1.00,9.30,14.30,9777,1728.55,2341.758363
Sep-64,-0.28,0.00,0.00,0.00,0.00,1.00,4.70,14.10,11507,3458.55,604.329471
Oct-64,0.31,0.00,0.00,0.00,0.00,1.00,6.10,12.80,6690,-1358.45,-5640.261539
Nov-64,0.04,0.00,0.00,0.00,0.00,1.00,7.40,2.60,3688,-4360.45,-2520.11865
Dec-64,0.00,0.00,0.00,0.00,0.00,1.00,15.10,-3.00,3489,-4559.45,-1127.323456
Jan-65,0.58,0.00,0.00,0.00,0.00,1.00,17.50,-4.00,2955,-5093.45,-2198.2125
Feb-65,0.86,0.00,0.00,0.00,0.00,1.00,14.30,1.60,3766,-4282.45,-1294.914764
Mar-65,1.25,0.00,0.00,0.00,0.00,1.00,11.70,2.90,3749,-4299.45,-725.378508
Apr-65,-0.48,0.00,0.00,0.00,0.00,1.00,6.80,-12.90,3088,-4960.45,-1075.222566
May-65,1.28,0.00,0.00,0.00,0.00,1.00,24.10,-0.30,12381,4332.55,6765.5616
Jun-65,-1.06,0.00,0.00,0.00,0.00,1.00,15.90,-12.80,5091,-2957.45,-6486.54375
Jul-65,0.46,0.00,0.00,0.00,0.00,1.00,11.90,-22.60,12723,4674.55,3531.974328
Aug-65,-0.08,0.00,0.00,0.00,0.00,1.00,8.90,-11.40,17508,9459.55,7650.73064
Sep-65,-0.85,0.00,0.00,0.00,0.00,1.00,16.80,-14.20,17881,9832.55,2490.513262
Oct-65,0.86,0.00,0.00,0.00,0.00,1.00,20.10,-11.10,16476,8427.55,1060.54264
Nov-65,0.07,0.00,0.00,0.00,0.00,1.00,15.80,-17.90,10084,2035.55,-313.3701495
Dec-65,0.46,0.00,1.00,0.00,0.00,0.00,17.00,1.60,13617,5568.55,6477.43656
Jan-66,0.42,0.00,1.00,0.00,0.00,0.00,28.20,-12.00,9249,1200.55,260.67375
Feb-66,0.51,0.00,1.00,0.00,0.00,0.00,24.40,-4.10,18539,10490.55,9306.34818
Mar-66,0.47,0.00,1.00,0.00,0.00,0.00,25.30,-13.90,11561,3512.55,117.1711152
Apr-66,-0.47,0.00,1.00,0.00,0.00,0.00,48.70,-7.10,4663,-3385.45,-4542.54372
May-66,0.20,0.00,1.00,0.00,0.00,0.00,45.30,-9.00,3119,-4929.45,-3663.051336
Jun-66,-0.46,0.00,1.00,0.00,0.00,0.00,47.70,1.00,7392,-656.45,1342.78025
Jul-66,-0.15,0.00,1.00,0.00,0.00,0.00,56.70,-1.00,8488,439.55,1549.9314
Aug-66,-0.07,0.00,1.00,0.00,0.00,0.00,51.20,4.00,7838,-210.45,-509.7138809
Sep-66,0.00,0.00,1.00,0.00,0.00,0.00,50.20,-2.20,15013,6964.55,5235.90106
Oct-66,0.28,0.00,1.00,0.00,0.00,0.00,57.20,-2.50,14142,6093.55,114.7544442
Nov-66,0.91,0.00,1.00,0.00,0.00,0.00,57.20,-0.10,9943,1894.55,544.791117
Dec-66,-0.65,0.00,0.00,0.00,0.00,0.00,70.40,-4.00,10337,2288.55,3252.964344
Jan-67,0.65,0.00,0.00,0.00,0.00,0.00,110.90,14.60,6866,-1182.45,-880.3125
Feb-67,0.33,0.00,0.00,0.00,0.00,0.00,93.60,12.90,8273,224.55,619.939674
Mar-67,-0.04,0.00,0.00,0.00,0.00,0.00,111.80,7.80,9747,1698.55,3146.366862
Apr-67,-0.36,0.00,0.00,0.00,0.00,0.00,69.50,-3.00,4476,-3572.45,-3558.776958
May-67,-0.25,0.00,0.00,0.00,0.00,0.00,86.50,-3.50,2433,-5615.45,-4210.549644
Jun-67,0.29,0.00,0.00,0.00,0.00,0.00,67.30,6.60,4584,-3464.45,-1055.727125
Jul-67,-0.07,0.00,0.00,0.00,0.00,0.00,91.50,1.60,5471,-2577.45,437.4311418
Aug-67,-0.22,0.00,0.00,0.00,0.00,0.00,107.20,5.90,8329,280.55,1056.611549
Sep-67,-0.13,0.00,0.00,0.00,0.00,0.00,76.80,5.10,15175,7126.55,5112.828082
Oct-67,-0.70,0.00,0.00,0.00,0.00,0.00,88.20,-0.10,6785,-1263.45,-7320.54213
Nov-67,0.55,0.00,0.00,0.00,0.00,0.00,94.30,-4.00,5059,-2989.45,-1189.765368
Dec-67,0.05,0.00,1.00,0.00,0.00,0.00,126.40,-5.50,6761,-1287.45,1603.775152
Jan-68,-0.18,0.00,1.00,0.00,0.00,0.00,121.80,4.10,3762,-4286.45,-2630.2125
Feb-68,-0.61,0.00,1.00,0.00,0.00,0.00,111.90,9.60,2942,-5106.45,-2653.788418
Mar-68,0.28,0.00,1.00,0.00,0.00,0.00,92.20,-3.00,2117,-5931.45,-1968.674328
Apr-68,-0.71,0.00,1.00,0.00,0.00,0.00,81.20,-3.00,2620,-5428.45,-489.793986
May-68,-0.18,0.00,1.00,0.00,0.00,0.00,127.20,14.70,2172,-5876.45,-3096.852444
Jun-68,-0.05,0.00,1.00,0.00,0.00,0.00,110.30,12.30,1835,-6213.45,-3648.9165
Jul-68,-0.14,0.00,1.00,0.00,0.00,0.00,96.10,7.40,3359,-4689.45,30.55389894
Aug-68,0.20,0.00,1.00,0.00,0.00,0.00,109.30,0.10,1664,-6384.45,-4855.586841
Sep-68,-0.14,0.00,1.00,0.00,0.00,0.00,117.20,-2.80,3414,-4634.45,-2779.117525
Oct-68,0.03,0.00,1.00,0.00,0.00,0.00,107.70,-1.90,3396,-4652.45,-5016.992887
Nov-68,-0.41,0.00,1.00,0.00,0.00,0.00,86.00,-3.40,7173,-875.45,2374.972248
Dec-68,0.32,0.00,1.00,0.00,0.00,0.00,109.80,2.10,4618,-3430.45,-1373.199968
Jan-69,-1.43,0.00,1.00,0.00,0.00,0.00,104.40,-13.50,8279,230.55,2698.275
Feb-69,-0.34,0.00,1.00,0.00,0.00,0.00,120.50,-6.90,8856,807.55,266.4250422
Mar-69,-0.65,0.00,1.00,0.00,0.00,0.00,135.80,1.80,6577,-1471.45,-298.6884666
Apr-69,-0.50,0.00,1.00,0.00,0.00,0.00,106.80,-8.80,11234,3185.55,5245.3764
May-69,-0.34,0.00,1.00,0.00,0.00,0.00,120.00,-6.60,6215,-1833.45,-5433.948996
Jun-69,0.53,0.00,1.00,0.00,0.00,0.00,106.00,-0.60,13113,5064.55,5215.798125
Jul-69,-0.21,0.00,1.00,0.00,0.00,0.00,96.80,-6.90,8983,934.55,-2494.610694
Aug-69,-0.47,0.00,1.00,0.00,0.00,0.00,98.00,-4.40,4148,-3900.45,-4376.167999
Sep-69,-0.11,0.00,1.00,0.00,0.00,0.00,91.30,-10.60,6060,-1988.45,-1575.072261
Oct-69,0.76,0.00,1.00,0.00,0.00,0.00,95.70,-11.70,7075,-973.45,-2618.71427
Nov-69,1.77,0.00,1.00,0.00,0.00,0.00,93.50,-0.10,10349,2300.55,3976.037556
Dec-69,-1.27,0.00,1.00,0.00,0.00,0.00,97.90,3.70,4424,-3624.45,-2820.155352
Jan-70,0.10,0.00,1.00,0.00,0.00,0.00,111.50,-10.10,4587,-3461.45,-920.25
Feb-70,-0.08,0.00,1.00,0.00,0.00,0.00,127.80,-10.70,4005,-4043.45,-2137.589624
Mar-70,0.29,0.00,1.00,0.00,0.00,0.00,102.90,1.80,3865,-4183.45,-722.147922
Apr-70,-0.85,0.00,1.00,0.00,0.00,0.00,109.50,-4.60,2864,-5184.45,-1374.105546
May-70,-0.17,0.00,1.00,0.00,0.00,0.00,127.50,2.10,6284,-1764.45,834.439116
Jun-70,0.01,0.00,1.00,0.00,0.00,0.00,106.80,9.90,12087,4038.55,4148.646
Jul-70,0.37,0.00,1.00,0.00,0.00,0.00,112.50,-5.60,14950,6901.55,4044.152664
Aug-70,-0.61,0.00,1.00,0.00,0.00,0.00,93.00,4.00,6033,-2015.45,-4617.957715
Sep-70,0.96,0.00,1.00,0.00,0.00,0.00,99.50,12.90,6160,-1888.45,-2569.257523
Oct-70,0.15,0.00,1.00,0.00,0.00,0.00,86.60,10.30,8777,728.55,-965.080479
Nov-70,-0.44,0.00,1.00,0.00,0.00,0.00,95.20,19.70,3506,-4542.45,-3595.50741
Dec-70,-1.25,0.00,,0.00,0.00,1.00,83.50,17.40,9497,1448.55,4952.58008
Jan-71,-0.71,0.00,,0.00,0.00,1.00,91.30,2.70,19209,11160.55,11781
Feb-71,-1.30,0.00,,0.00,0.00,1.00,79.00,15.70,10155,2106.55,-5678.93402
Mar-71,-0.56,0.00,,0.00,0.00,1.00,60.70,19.20,10437,2388.55,2948.501466
Apr-71,-0.11,0.00,,0.00,0.00,1.00,71.80,22.60,11054,3005.55,2573.816256
May-71,-0.09,0.00,,0.00,0.00,1.00,57.50,9.20,13359,5310.55,1843.377312
Jun-71,0.59,0.00,,0.00,0.00,1.00,49.80,2.60,16249,8200.55,4087.579375
Jul-71,0.45,0.00,,0.00,0.00,1.00,81.00,1.60,14275,6226.55,-1805.39748
Aug-71,-0.60,0.00,,0.00,0.00,1.00,61.40,14.90,10809,2760.55,398.6320716
Sep-71,0.04,0.00,,0.00,0.00,1.00,50.20,15.90,6022,-2026.45,-5479.67783
Oct-71,0.25,0.00,,0.00,0.00,1.00,51.70,17.70,6406,-1642.45,-3269.295892
Nov-71,-0.04,0.00,,0.00,0.00,1.00,63.20,7.20,2488,-5560.45,-3598.511868
Dec-71,0.61,1.00,,0.00,0.00,0.00,82.20,2.10,2136,-5912.45,-2006.886
Jan-72,-1.19,1.00,,0.00,0.00,0.00,61.50,3.70,4059,-3989.45,-581.8875
Feb-72,0.51,1.00,,0.00,0.00,0.00,88.40,8.20,10461,2412.55,4668.3396
Mar-72,-0.12,1.00,,0.00,0.00,0.00,80.10,2.40,7947,-101.45,314.1249102
Apr-72,-0.28,1.00,,0.00,0.00,0.00,63.20,-5.50,6494,-1554.45,-378.936657
May-72,-0.54,1.00,,0.00,0.00,0.00,80.50,-16.10,2693,-5355.45,-5445.20508
Jun-72,0.00,1.00,,0.00,0.00,0.00,88.00,-12.00,11250,3201.55,5455.09475
Jul-72,0.77,1.00,,0.00,0.00,0.00,76.50,-18.60,10040,1991.55,1016.490186
Aug-72,0.27,1.00,,0.00,0.00,0.00,76.80,-8.90,19965,11916.55,11064.19755
Sep-72,-0.14,1.00,,0.00,0.00,0.00,64.00,-14.80,25635,17586.55,8818.35968
Oct-72,2.86,1.00,,0.00,0.00,0.00,61.30,-11.10,16503,8454.55,-2665.679255
Nov-72,0.05,1.00,,0.00,0.00,0.00,41.60,-3.40,9660,1611.55,-748.938858
Dec-72,-0.92,1.00,,0.00,0.00,0.00,45.30,-12.10,9017,968.55,2044.611688
Jan-73,-0.48,1.00,,0.00,0.00,0.00,43.40,-3.00,9413,1364.55,2166.525
Feb-73,-0.20,1.00,,0.00,0.00,0.00,42.90,-13.50,9232,1183.55,-109.1784846
Mar-73,-0.29,1.00,,0.00,0.00,0.00,46.00,0.80,6023,-2025.45,-1030.077144
Apr-73,1.11,1.00,,0.00,0.00,0.00,57.70,-2.10,4696,-3352.45,-935.05401
May-73,-0.43,1.00,,0.00,0.00,0.00,42.40,2.80,10902,2853.55,4095.547008
Jun-73,-0.12,1.00,,0.00,0.00,0.00,39.50,12.30,12786,4737.55,2091.11775
Jul-73,0.20,1.00,,0.00,0.00,0.00,23.10,6.10,15669,7620.55,2562.683058
Aug-73,-0.16,1.00,,0.00,0.00,0.00,25.60,12.30,17874,9825.55,6966.61077
Sep-73,0.08,1.00,,0.00,0.00,0.00,59.30,13.50,20754,12705.55,5151.046793
Oct-73,0.48,1.00,,0.00,0.00,0.00,30.70,9.70,13059,5010.55,-3747.073016
Nov-73,0.57,1.00,,0.00,0.00,0.00,23.90,31.60,8427,378.55,-507.597999
Dec-73,-0.48,0.00,,0.00,1.00,0.00,23.30,16.90,4695,-3353.45,-1790.93376
Jan-74,0.27,0.00,,0.00,1.00,0.00,27.60,20.80,7253,-795.45,1643.1375
Feb-74,-1.03,0.00,,0.00,1.00,0.00,26.00,16.20,8116,67.55,206.4443512
Mar-74,1.03,0.00,,0.00,1.00,0.00,21.30,20.30,8749,700.55,2222.451252
Apr-74,1.23,0.00,,0.00,1.00,0.00,40.30,11.10,4126,-3922.45,-3264.590142
May-74,-0.54,0.00,,0.00,1.00,0.00,39.50,10.70,3672,-4376.45,-2712.299352
Jun-74,0.03,0.00,,0.00,1.00,0.00,36.00,2.60,8606,557.55,2226.7325
Jul-74,-0.19,0.00,,0.00,1.00,0.00,55.80,12.00,6585,-1463.45,-1276.006338
Aug-74,-0.17,0.00,,0.00,1.00,0.00,33.60,6.60,4675,-3373.45,-2994.43606
Sep-74,-0.32,0.00,,0.00,1.00,0.00,40.20,12.30,7370,-678.45,-570.9800607
Oct-74,-0.29,0.00,,0.00,1.00,0.00,47.10,8.50,3610,-4438.45,-6717.65828
Nov-74,-0.62,0.00,,0.00,1.00,0.00,25.00,-1.40,5209,-2839.45,319.3842456
Dec-74,0.05,0.00,,0.00,1.00,0.00,20.50,-0.90,4374,-3674.45,-842.364488
Jan-75,-0.01,0.00,,0.00,1.00,0.00,18.90,-4.90,5403,-2645.45,-85.3275
Feb-75,-0.47,0.00,0.00,0.00,1.00,0.00,11.50,5.30,5220,-2828.45,-1463.405778
Mar-75,-0.86,0.00,0.00,0.00,1.00,0.00,11.50,11.60,4809,-3239.45,-351.334224
Apr-75,0.30,0.00,0.00,0.00,1.00,0.00,5.10,14.40,3096,-4952.45,-1751.430384
May-75,-0.39,0.00,0.00,0.00,1.00,0.00,9.00,6.00,2541,-5507.45,-3080.414988
Jun-75,-0.09,0.00,0.00,0.00,1.00,0.00,11.40,15.50,4948,-3100.45,-756.163625
Jul-75,0.25,0.00,0.00,0.00,1.00,0.00,28.20,21.10,4082,-3966.45,-1205.831052
Aug-75,-0.29,0.00,0.00,0.00,1.00,0.00,39.70,20.70,9834,1785.55,3056.726036
Sep-75,-0.32,0.00,0.00,0.00,1.00,0.00,13.90,22.50,15500,7451.55,4564.236829
Oct-75,0.81,0.00,0.00,0.00,1.00,0.00,9.10,17.70,18312,10263.55,4049.047877
Nov-75,0.38,0.00,0.00,0.00,1.00,0.00,19.40,13.80,8722,673.55,-2461.324515
Dec-75,-0.05,0.00,0.00,0.00,1.00,0.00,7.80,19.50,16344,8295.55,9741.59424
Jan-76,-1.15,0.00,0.00,0.00,1.00,0.00,8.10,11.80,11119,3070.55,1098.075
Feb-76,-0.10,0.00,0.00,0.00,1.00,0.00,4.30,12.90,6587,-1461.45,-3884.920124
Mar-76,-0.01,0.00,0.00,0.00,1.00,0.00,21.90,13.20,7153,-895.45,1347.762096
Apr-76,0.12,0.00,0.00,0.00,1.00,0.00,18.80,1.20,5380,-2668.45,-980.42373
May-76,0.14,0.00,0.00,0.00,1.00,0.00,12.40,2.10,6796,-1252.45,-517.1068812
Jun-76,1.02,0.00,0.00,0.00,1.00,0.00,12.20,0.20,13247,5198.55,5003.0075
Jul-76,0.39,0.00,0.00,0.00,1.00,0.00,1.90,-12.80,7180,-868.45,-4601.349108
Aug-76,1.25,0.00,0.00,0.00,1.00,0.00,16.40,-12.10,15057,7008.55,7175.23464
Sep-76,0.39,0.00,0.00,0.00,1.00,0.00,13.50,-13.00,9239,1190.55,-4728.645868
Oct-76,0.16,0.00,0.00,0.00,1.00,0.00,20.60,3.00,6234,-1814.45,-4998.473361
Nov-76,0.85,0.00,0.00,0.00,1.00,0.00,5.20,9.80,10230,2181.55,4217.067609
Dec-76,0.46,0.00,0.00,1.00,0.00,0.00,15.30,-3.00,9831,1782.55,2633.750504
Jan-77,0.10,0.00,0.00,1.00,0.00,0.00,16.40,-4.00,9201,1152.55,1646.325
Feb-77,0.07,0.00,0.00,1.00,0.00,0.00,23.10,7.70,10729,2680.55,1528.331744
Mar-77,-1.48,0.00,0.00,1.00,0.00,0.00,8.70,-9.50,7829,-219.45,69.6878982
Apr-77,0.81,0.00,0.00,1.00,0.00,0.00,12.90,-9.60,6985,-1063.45,188.2286208
May-77,-0.35,0.00,0.00,1.00,0.00,0.00,18.60,-11.40,3000,-5048.45,-5501.902392
Jun-77,0.13,0.00,0.00,1.00,0.00,0.00,38.50,-17.70,5172,-2876.45,-806.148
Jul-77,-0.30,0.00,0.00,1.00,0.00,0.00,21.40,-14.70,7030,-1018.45,1433.258172
Aug-77,-0.32,0.00,0.00,1.00,0.00,0.00,30.10,-12.10,13836,5787.55,6007.89196
Sep-77,0.59,0.00,0.00,1.00,0.00,0.00,44.00,-9.40,6085,-1963.45,-7173.64582
Oct-77,-0.29,0.00,0.00,1.00,0.00,0.00,43.80,-12.90,10134,2085.55,428.2007526
Nov-77,0.37,0.00,0.00,1.00,0.00,0.00,29.10,-14.60,9479,1430.55,1796.562282
Dec-77,0.82,0.00,0.00,1.00,0.00,0.00,43.20,-10.60,6589,-1459.45,-311.9586512
Jan-78,0.35,0.00,0.00,1.00,0.00,0.00,51.90,-3.00,3947,-4101.45,-2380.0875
Feb-78,-1.20,0.00,0.00,1.00,0.00,0.00,93.60,-24.40,2844,-5204.45,-2874.41362
Mar-78,0.38,0.00,0.00,1.00,0.00,0.00,76.50,-5.80,3460,-4588.45,-579.42639
Apr-78,-0.36,0.00,0.00,1.00,0.00,0.00,99.70,-7.90,1614,-6434.45,-2362.687866
May-78,0.21,0.00,0.00,1.00,0.00,0.00,82.70,16.30,1286,-6762.45,-3237.76194
Jun-78,0.38,0.00,0.00,1.00,0.00,0.00,95.10,5.80,1652,-6396.45,-3303.08175
Jul-78,0.57,0.00,0.00,1.00,0.00,0.00,70.40,6.10,6099,-1949.45,3221.287074
Aug-78,-0.20,0.00,0.00,1.00,0.00,0.00,58.10,1.40,5562,-2486.45,-1934.198854
Sep-78,0.14,0.00,0.00,1.00,0.00,0.00,138.20,0.80,7765,-283.45,-690.867107
Oct-78,-0.68,0.00,0.00,1.00,0.00,0.00,125.10,-6.20,4012,-4036.45,-6507.015326
Nov-78,0.72,0.00,0.00,1.00,0.00,0.00,97.90,-2.00,7345,-703.45,2283.284478
Dec-78,0.19,0.00,0.00,1.00,0.00,0.00,122.70,-0.90,5090,-2958.45,-969.071544
Jan-79,0.37,0.00,0.00,1.00,0.00,0.00,166.60,-4.00,2994,-5054.45,-2765.475
Feb-79,1.34,0.00,0.00,1.00,0.00,0.00,137.50,6.70,1980,-6068.45,-3106.775608
Mar-79,-1.00,0.00,0.00,1.00,0.00,0.00,138.00,-3.00,2741,-5307.45,-890.8101
Apr-79,-0.57,0.00,0.00,1.00,0.00,0.00,101.50,-5.50,3395,-4653.45,-117.5752314
May-79,0.70,0.00,0.00,1.00,0.00,0.00,134.40,3.60,14454,6405.55,8611.20204
Jun-79,-0.39,0.00,0.00,1.00,0.00,0.00,149.50,5.80,5130,-2918.45,-7685.02625
Jul-79,0.21,0.00,0.00,1.00,0.00,0.00,159.40,-8.20,6889,-1159.45,-3129.537366
Aug-79,0.75,0.00,0.00,1.00,0.00,0.00,142.20,-5.00,7283,-765.45,-494.7773628
Sep-79,0.89,0.00,0.00,1.00,0.00,0.00,188.40,1.40,7647,-401.45,-1807.875959
Oct-79,-0.16,0.00,0.00,1.00,0.00,0.00,186.20,-2.50,22610,14561.55,12148.27612
Nov-79,0.37,0.00,0.00,1.00,0.00,0.00,183.30,-4.70,17427,9378.55,4403.706612
Dec-79,-0.35,0.00,0.00,1.00,0.00,0.00,176.30,-7.50,12410,4361.55,2373.4018
Jan-80,1.19,0.00,0.00,1.00,0.00,0.00,159.60,3.20,6838,-1210.45,-1693.275
Feb-80,1.18,0.00,0.00,1.00,0.00,0.00,155.00,1.10,5107,-2941.45,-2527.497084
Mar-80,-0.74,0.00,0.00,1.00,0.00,0.00,126.20,-8.50,8721,672.55,3614.09814
Apr-80,0.32,0.00,0.00,1.00,0.00,0.00,164.10,-12.90,4115,-3933.45,-3257.545896
May-80,-0.14,0.00,0.00,1.00,0.00,0.00,179.90,-3.50,5615,-2433.45,-761.185236
Jun-80,-0.23,0.00,0.00,1.00,0.00,0.00,157.30,-4.70,3838,-4210.45,-3701.071625
Jul-80,0.50,0.00,0.00,1.00,0.00,0.00,136.30,-1.70,9534,1485.55,3700.441746
Aug-80,-0.02,0.00,0.00,1.00,0.00,0.00,135.40,1.40,15708,7659.55,6987.41372
Sep-80,0.18,0.00,0.00,1.00,0.00,0.00,155.00,-5.20,16022,7973.55,1676.386136
Oct-80,-0.60,0.00,0.00,1.00,0.00,0.00,164.70,-1.90,10551,2502.55,-3964.644138
Nov-80,-0.05,0.00,0.00,1.00,0.00,0.00,147.90,-3.40,9668,1619.55,1807.026084
Dec-80,1.22,0.00,0.00,0.00,0.00,0.00,174.40,-0.90,14099,6050.55,7123.40888
Jan-81,0.33,0.00,0.00,0.00,0.00,0.00,114.00,2.70,12225,4176.55,3054.1875
Feb-81,-1.27,0.00,0.00,0.00,0.00,0.00,141.30,-3.20,10195,2146.55,-1009.93505
Mar-81,-0.37,0.00,0.00,0.00,0.00,0.00,135.50,-16.60,3828,-4220.45,-3679.34958
Apr-81,0.52,0.00,0.00,0.00,0.00,0.00,156.40,-5.50,3780,-4268.45,-434.19618
May-81,-0.22,0.00,0.00,0.00,0.00,0.00,127.50,7.60,3309,-4739.45,-2819.023704
Jun-81,0.25,0.00,0.00,0.00,0.00,0.00,90.90,11.50,3515,-4533.45,-2647.6295
Jul-81,-0.24,0.00,0.00,0.00,0.00,0.00,143.80,9.40,2783,-5265.45,-1966.933044
Aug-81,0.16,0.00,0.00,0.00,0.00,0.00,158.70,5.90,2468,-5580.45,-3846.287144
Sep-81,-0.49,0.00,0.00,0.00,0.00,0.00,167.30,7.50,5478,-2570.45,-1181.849732
Oct-81,1.06,0.00,0.00,0.00,0.00,0.00,162.40,-5.00,6614,-1434.45,-2797.980617
Nov-81,2.29,0.00,0.00,0.00,0.00,0.00,137.50,2.60,6843,-1205.45,667.404084
Dec-81,0.18,1.00,0.00,0.00,0.00,0.00,150.10,4.70,9648,1599.55,3786.89024
Jan-82,0.56,1.00,0.00,0.00,0.00,0.00,111.20,9.40,3905,-4143.45,-3580.425
Feb-82,-0.33,1.00,0.00,0.00,0.00,0.00,163.60,0.60,5566,-2482.45,-124.5505972
Mar-82,1.53,1.00,0.00,0.00,0.00,0.00,153.80,2.40,4014,-4034.45,-1309.570812
Apr-82,0.54,1.00,0.00,0.00,0.00,0.00,122.00,-3.80,2110,-5938.45,-2224.270422
May-82,-0.29,1.00,0.00,0.00,0.00,0.00,82.20,-8.20,2108,-5940.45,-2783.111436
Jun-82,0.66,1.00,0.00,0.00,0.00,0.00,110.40,-20.10,10325,2276.55,4879.27475
Jul-82,1.48,1.00,0.00,0.00,0.00,0.00,106.10,-19.30,20730,12681.55,12473.4429
Aug-82,-0.39,1.00,0.00,0.00,0.00,0.00,107.60,-23.60,9298,1249.55,-3413.110288
Sep-82,-1.02,1.00,0.00,0.00,0.00,0.00,118.80,-21.40,5520,-2528.45,-5104.598278
Oct-82,0.18,1.00,0.00,0.00,0.00,0.00,94.70,-20.20,17372,9323.55,7939.41406
Nov-82,0.37,1.00,0.00,0.00,0.00,0.00,98.10,-31.10,29287,21238.55,18505.90725
Dec-82,0.81,1.00,0.00,0.00,0.00,0.00,127.00,-21.30,14482,6433.55,-233.533692
Jan-83,1.63,1.00,0.00,0.00,0.00,0.00,84.30,-30.60,9228,1179.55,-87.87375
Feb-83,1.88,1.00,0.00,0.00,0.00,0.00,51.00,-33.30,9922,1873.55,703.459874
Mar-83,0.44,1.00,0.00,0.00,0.00,0.00,66.50,-28.00,16024,7975.55,8645.49594
Apr-83,0.74,1.00,0.00,0.00,0.00,0.00,80.70,-17.00,10244,2195.55,-1842.44841
May-83,1.76,1.00,0.00,0.00,0.00,0.00,99.20,6.00,29051,21002.55,18135.39756
Jun-83,3.28,1.00,0.00,0.00,0.00,0.00,91.10,-3.10,24572,16523.55,3044.019875
Jul-83,-0.38,1.00,0.00,0.00,0.00,0.00,82.20,-7.60,61986,53937.55,34958.35224
Aug-83,-0.48,1.00,0.00,0.00,0.00,0.00,71.80,0.10,25332,17283.55,-2083.980094
Sep-83,1.64,1.00,0.00,0.00,0.00,0.00,50.30,9.90,14679,6630.55,-5253.233526
Oct-83,0.59,1.00,0.00,0.00,0.00,0.00,55.80,4.20,13512,5463.55,-353.5830509
Nov-83,0.62,1.00,0.00,0.00,0.00,0.00,33.40,-0.70,10299,2250.55,1170.443595
Dec-83,0.42,0.00,0.00,0.00,0.00,1.00,33.40,0.10,6656,-1392.45,-568.448104
Jan-84,-1.21,0.00,0.00,0.00,0.00,1.00,57.00,1.30,5950,-2098.45,-402.45
Feb-84,-1.00,0.00,0.00,0.00,0.00,1.00,85.40,5.80,5403,-2645.45,-1642.93025
Mar-84,-0.61,0.00,0.00,0.00,0.00,1.00,83.50,-5.80,5179,-2869.45,-67.6695816
Apr-84,0.90,0.00,0.00,0.00,0.00,1.00,69.70,2.00,5856,-2192.45,769.733118
May-84,0.57,0.00,0.00,0.00,0.00,1.00,76.40,-0.30,10159,2110.55,2493.371496
Jun-84,-0.70,0.00,0.00,0.00,0.00,1.00,46.10,-8.70,17080,9031.55,6828.7225
Jul-84,-0.11,0.00,0.00,0.00,0.00,1.00,37.40,2.20,12627,4578.55,-2696.02389
Aug-84,0.84,0.00,0.00,0.00,0.00,1.00,25.50,2.70,25067,17018.55,15243.80739
Sep-84,0.31,0.00,0.00,0.00,0.00,1.00,15.70,2.00,11196,3147.55,-8582.68802
Oct-84,-0.32,0.00,0.00,0.00,0.00,1.00,12.00,-5.00,10669,2620.55,-1510.673709
Nov-84,-0.61,0.00,0.00,0.00,0.00,1.00,22.80,3.90,11527,3478.55,3615.502596
Dec-84,0.73,0.00,0.00,0.00,0.00,1.00,18.70,-1.40,7802,-246.45,93.070516
Jan-85,0.91,0.00,0.00,0.00,0.00,1.00,16.50,-3.50,3148,-4900.45,-3638.4
Feb-85,0.03,0.00,0.00,0.00,0.00,1.00,15.90,6.70,7910,-138.45,2721.176032
Mar-85,0.67,0.00,0.00,0.00,0.00,1.00,17.20,-2.00,5339,-2709.45,-1090.40274
Apr-85,0.19,0.00,0.00,0.00,0.00,1.00,16.20,14.40,9383,1334.55,4193.51526
May-85,0.12,0.00,0.00,0.00,0.00,1.00,27.50,2.80,6422,-1626.45,-3856.012776
Jun-85,-0.47,0.00,0.00,0.00,0.00,1.00,24.20,-9.60,3810,-4238.45,-4210.740875
Jul-85,-0.09,0.00,0.00,0.00,0.00,1.00,30.70,-2.30,4379,-3669.45,-1751.500368
Aug-85,0.12,0.00,0.00,0.00,0.00,1.00,11.10,8.50,5482,-2566.45,-1401.167838
Sep-85,-0.17,0.00,0.00,0.00,0.00,1.00,3.90,0.20,6021,-2027.45,-2388.451223
Oct-85,-0.68,0.00,0.00,0.00,0.00,1.00,18.60,-5.60,3510,-4538.45,-6164.870414
Nov-85,-0.12,0.00,0.00,0.00,0.00,1.00,16.20,-1.40,3849,-4199.45,-997.790862
Dec-85,-0.54,0.00,1.00,0.00,0.00,,17.30,2.10,1251,-6797.45,-3428.816552
Jan-86,0.37,0.00,1.00,0.00,0.00,0.00,2.50,8.00,1953,-6095.45,-2352.7875
Feb-86,-0.46,0.00,1.00,0.00,0.00,0.00,23.20,-10.70,4325,-3723.45,-71.7878098
Mar-86,-0.17,0.00,1.00,0.00,0.00,0.00,15.10,0.80,4086,-3962.45,-652.098582
Apr-86,-0.35,0.00,1.00,0.00,0.00,0.00,18.50,1.20,6997,-1051.45,2616.240924
May-86,0.80,0.00,1.00,0.00,0.00,0.00,13.70,-6.60,6243,-1805.45,-2267.773368
Jun-86,-0.45,0.00,1.00,0.00,0.00,0.00,1.10,10.70,7069,-979.45,-844.935875
Jul-86,0.08,0.00,1.00,0.00,0.00,0.00,18.10,2.20,3959,-4089.45,-4003.3404
Aug-86,1.44,0.00,1.00,0.00,0.00,0.00,7.40,-7.60,5488,-2560.45,-1245.442898
Sep-86,-0.97,0.00,1.00,0.00,0.00,0.00,3.80,-5.20,7651,-397.45,-761.942687
Oct-86,-0.72,0.00,1.00,0.00,0.00,0.00,35.40,6.10,7748,-300.45,-2715.775239
Nov-86,-0.81,0.00,1.00,0.00,0.00,0.00,15.20,-13.90,9571,1522.55,2909.921175
Dec-86,0.98,0.00,1.00,0.00,0.00,0.00,6.80,-13.60,8838,789.55,1900.718904
Jan-87,-0.20,0.00,1.00,0.00,0.00,0.00,10.40,-6.30,8921,872.55,1742.325
Feb-87,0.11,0.00,1.00,0.00,0.00,0.00,2.40,-12.60,8557,508.55,-458.086318
Mar-87,-0.53,0.00,1.00,0.00,0.00,0.00,14.70,-16.60,3029,-5019.45,-3705.5781
Apr-87,0.30,0.00,1.00,0.00,0.00,0.00,39.60,-24.40,7827,-221.45,4128.64452
May-87,1.38,0.00,1.00,0.00,0.00,0.00,33.00,-21.60,25467,17418.55,16341.57084
Jun-87,-0.01,0.00,1.00,0.00,0.00,0.00,17.40,-20.10,14892,6843.55,-4496.708625
Jul-87,-0.23,0.00,1.00,0.00,0.00,0.00,33.00,-18.60,11884,3835.55,-8104.81716
Aug-87,-0.29,0.00,1.00,0.00,0.00,0.00,38.70,-14.00,9273,1224.55,-285.1490075
Sep-87,0.06,0.00,1.00,0.00,0.00,0.00,33.90,-11.20,6307,-1741.45,-4303.065246
Oct-87,-0.27,0.00,1.00,0.00,0.00,0.00,60.60,-5.60,11691,3642.55,1877.733379
Nov-87,0.30,0.00,1.00,0.00,0.00,0.00,39.90,-1.40,5446,-2602.45,-2902.979841
Dec-87,0.51,0.00,1.00,0.00,0.00,0.00,27.10,-4.50,3344,-4704.45,-1965.881456
Jan-88,-1.00,0.00,1.00,0.00,0.00,0.00,59.00,-1.10,3736,-4312.45,-1362.3
Feb-88,0.23,0.00,1.00,0.00,0.00,0.00,40.00,-5.00,4844,-3204.45,-734.53818
Mar-88,0.58,0.00,1.00,0.00,0.00,0.00,76.20,2.40,3818,-4230.45,-1164.962106
Apr-88,-0.07,0.00,1.00,0.00,0.00,0.00,88.00,-1.30,4522,-3526.45,314.2410282
May-88,0.59,0.00,1.00,0.00,0.00,0.00,60.10,10.00,17047,8998.55,10369.29516
Jun-88,0.19,0.00,1.00,0.00,0.00,0.00,101.80,-3.90,12910,4861.55,-1452.803
Jul-88,-0.58,0.00,1.00,0.00,0.00,0.00,113.80,11.30,5198,-2850.45,-10365.84774
Aug-88,-0.02,0.00,1.00,0.00,0.00,0.00,111.60,14.90,2268,-5780.45,-4907.059283
Sep-88,-0.39,0.00,1.00,0.00,0.00,0.00,120.10,20.10,7423,-625.45,879.279741
Oct-88,0.03,0.00,1.00,0.00,0.00,0.00,125.10,14.60,5653,-2395.45,-4700.428903
Nov-88,-0.09,0.00,1.00,0.00,0.00,0.00,125.10,21.00,3645,-4403.45,-2119.17891
Dec-88,-0.67,0.00,0.00,0.00,1.00,0.00,179.20,10.80,2545,-5503.45,-2054.335192
Jan-89,0.61,0.00,0.00,0.00,1.00,0.00,161.30,13.20,8909,860.55,4113.375
Feb-89,0.04,0.00,0.00,0.00,1.00,0.00,165.10,9.10,13221,5172.55,4213.857838
Mar-89,-0.13,0.00,0.00,0.00,1.00,0.00,131.40,6.70,6854,-1194.45,-2080.977174
Apr-89,-0.48,0.00,0.00,0.00,1.00,0.00,130.60,21.00,6926,-1122.45,758.54988
May-89,0.12,0.00,0.00,0.00,1.00,0.00,138.50,14.70,11254,3205.55,2795.85642
Jun-89,0.00,0.00,0.00,0.00,1.00,0.00,196.20,7.40,3223,-4825.45,-7682.17
Jul-89,0.34,0.00,0.00,0.00,1.00,0.00,126.90,9.40,7567,-481.45,-96.7422006
Aug-89,1.90,0.00,0.00,0.00,1.00,0.00,168.90,-6.30,9773,1724.55,1753.569811
Sep-89,-0.08,0.00,0.00,0.00,1.00,0.00,176.70,5.70,26235,18186.55,15334.86812
Oct-89,-0.84,0.00,0.00,0.00,1.00,0.00,159.40,7.30,10756,2707.55,-8702.84488
Nov-89,0.10,0.00,0.00,0.00,1.00,0.00,173.00,-2.00,4744,-3304.45,-3204.720666
Dec-89,2.03,1.00,0.00,0.00,0.00,0.00,165.50,-5.00,2859,-5189.45,-2173.919216
Jan-90,0.40,1.00,0.00,0.00,0.00,0.00,177.30,-1.10,15379,7330.55,10464.375
Feb-90,-1.95,1.00,0.00,0.00,0.00,0.00,130.50,-17.30,9485,1436.55,-3810.367356
Mar-90,-0.14,1.00,0.00,0.00,0.00,0.00,140.30,-8.50,5964,-2084.45,-1208.43108
Apr-90,0.13,1.00,0.00,0.00,0.00,0.00,140.30,-0.50,11141,3092.55,5547.8412
May-90,0.46,1.00,0.00,0.00,0.00,0.00,132.20,13.10,11635,3586.55,54.92075652
Jun-90,-0.25,1.00,0.00,0.00,0.00,0.00,105.40,1.00,27550,19501.55,16417.725
Jul-90,0.99,1.00,0.00,0.00,0.00,0.00,149.40,5.50,13178,5129.55,-8826.04152
Aug-90,0.58,1.00,0.00,0.00,0.00,0.00,200.30,-5.00,13260,5211.55,3240.624114
Sep-90,0.53,1.00,0.00,0.00,0.00,0.00,125.20,-7.60,18101,10052.55,5176.422022
Oct-90,-0.01,1.00,0.00,0.00,0.00,0.00,145.50,1.80,21166,13117.55,5644.058708
Nov-90,-0.93,1.00,0.00,0.00,0.00,0.00,131.40,-5.30,15324,7275.55,2918.882748
Dec-90,-1.23,1.00,0.00,0.00,0.00,0.00,129.70,-2.40,6592,-1456.45,-2614.906504
Jan-91,0.35,1.00,0.00,0.00,0.00,0.00,136.90,5.10,3140,-4908.45,-3188.2125
Feb-91,0.67,1.00,0.00,0.00,0.00,0.00,167.50,0.60,3229,-4819.45,-1954.504554
Mar-91,0.62,1.00,0.00,0.00,0.00,0.00,141.90,-10.60,2352,-5696.45,-1869.069924
Apr-91,1.96,1.00,0.00,0.00,0.00,0.00,140.00,-12.90,2694,-5354.45,-567.479682
May-91,-0.70,1.00,0.00,0.00,0.00,0.00,121.30,-19.30,2169,-5879.45,-3154.68132
Jun-91,-0.60,1.00,0.00,0.00,0.00,0.00,169.70,-5.50,9232,1183.55,3749.856375
Jul-91,-0.37,1.00,0.00,0.00,0.00,0.00,173.70,-1.70,6795,-1253.45,-847.78911
Aug-91,-0.05,1.00,0.00,0.00,0.00,0.00,176.30,-7.60,6798,-1250.45,-946.296477
Sep-91,-0.49,1.00,0.00,0.00,0.00,0.00,125.30,-16.60,2521,-5527.45,-6652.4249
Oct-91,0.55,1.00,0.00,0.00,0.00,0.00,144.10,-12.90,7461,-587.45,-519.7058638
Nov-91,-1.13,1.00,0.00,0.00,0.00,0.00,108.20,-7.30,6905,-1143.45,366.8236014
Dec-91,-0.11,1.00,0.00,0.00,0.00,0.00,144.40,-16.70,8273,224.55,2387.497112
Jan-92,0.58,1.00,0.00,0.00,0.00,0.00,150.00,-25.40,5227,-2821.45,-1737.75
Feb-92,1.43,1.00,0.00,0.00,0.00,0.00,161.10,-9.30,6376,-1672.45,-190.7513452
Mar-92,-0.97,1.00,0.00,0.00,0.00,0.00,106.70,-24.20,7265,-783.45,1559.3175
Apr-92,0.50,1.00,0.00,0.00,0.00,0.00,99.80,-18.70,6460,-1588.45,27.27874314
May-92,2.10,1.00,0.00,0.00,0.00,0.00,73.80,0.50,21930,13881.55,13816.992
Jun-92,-1.15,1.00,0.00,0.00,0.00,0.00,65.20,-12.80,26156,18107.55,8878.3675
Jul-92,-0.16,1.00,0.00,0.00,0.00,0.00,85.70,-6.90,18851,10802.55,-6336.493416
Aug-92,0.38,1.00,0.00,0.00,0.00,0.00,64.50,1.40,15375,7326.55,3333.583582
Sep-92,0.81,1.00,0.00,0.00,0.00,0.00,63.90,0.80,11280,3231.55,-2872.263943
Oct-92,0.80,1.00,0.00,0.00,0.00,0.00,88.70,-17.20,6876,-1172.45,-5344.348825
Nov-92,1.27,1.00,0.00,0.00,0.00,0.00,91.80,-7.30,7570,-478.45,1282.230153
Dec-92,-0.57,1.00,0.00,0.00,0.00,0.00,82.60,-5.50,4664,-3384.45,-1483.814248
Jan-93,-1.24,1.00,0.00,0.00,0.00,0.00,59.30,-8.20,5131,-2917.45,-467.1375
Feb-93,0.85,1.00,0.00,0.00,0.00,0.00,91.00,-7.90,8404,355.55,1900.875794
Mar-93,-0.28,1.00,0.00,0.00,0.00,0.00,69.80,-8.50,7721,-327.45,1058.544684
Apr-93,0.37,1.00,0.00,0.00,0.00,0.00,62.20,-21.10,5317,-2731.45,-1410.04314
May-93,-0.09,1.00,0.00,0.00,0.00,0.00,61.30,-8.20,11513,3464.55,4246.581024
Jun-93,0.46,1.00,0.00,0.00,0.00,0.00,49.80,-16.00,10240,2191.55,-819.572375
Jul-93,-0.25,1.00,0.00,0.00,0.00,0.00,57.90,-10.80,16901,8852.55,5042.884842
Aug-93,0.44,1.00,0.00,0.00,0.00,0.00,42.20,-14.00,5504,-2544.45,-5842.359915
Sep-93,0.34,1.00,0.00,0.00,0.00,0.00,22.40,-7.60,10838,2789.55,2415.759209
Oct-93,0.68,1.00,0.00,0.00,0.00,0.00,56.40,-13.50,20342,12293.55,8335.78521
Nov-93,-1.67,1.00,0.00,0.00,0.00,0.00,35.60,0.60,5713,-2335.45,-6339.40638
Dec-93,0.01,0.00,1.00,0.00,0.00,0.00,48.90,1.60,9663,1614.55,4247.81448
Jan-94,0.87,0.00,1.00,0.00,0.00,0.00,57.80,-1.60,3909,-4139.45,-3582.1125
Feb-94,-0.75,0.00,1.00,0.00,0.00,0.00,35.50,0.60,11981,3932.55,6287.75232
Mar-94,0.67,0.00,1.00,0.00,0.00,0.00,31.70,-10.60,6805,-1243.45,-1544.987772
Apr-94,0.04,0.00,1.00,0.00,0.00,0.00,16.10,-22.80,6096,-1952.45,-39.8019798
May-94,0.12,0.00,1.00,0.00,0.00,0.00,17.80,-13.00,10404,2355.55,2560.61022
Jun-94,0.18,0.00,1.00,0.00,0.00,0.00,28.00,-10.40,14113,6064.55,3715.41
Jul-94,0.28,0.00,1.00,0.00,0.00,0.00,35.10,-18.00,17086,9037.55,3398.867154
Aug-94,-0.18,0.00,1.00,0.00,0.00,0.00,22.50,-17.20,6421,-1627.45,-4991.281512
Sep-94,-0.66,0.00,1.00,0.00,0.00,0.00,25.70,-17.20,3990,-4058.45,-4964.504569
Oct-94,-0.78,0.00,1.00,0.00,0.00,0.00,44.00,-14.10,9562,1513.55,870.284488
Nov-94,0.08,0.00,1.00,0.00,0.00,0.00,18.00,-7.30,11465,3416.55,4027.372347
Dec-94,-0.15,0.00,1.00,0.00,0.00,0.00,26.20,-11.60,6447,-1601.45,-1237.447792
Jan-95,0.07,0.00,1.00,0.00,0.00,0.00,24.20,-4.00,22596,14547.55,16322.625
Feb-95,1.58,0.00,1.00,0.00,0.00,0.00,29.90,-2.70,11854,3805.55,-6224.89238
Mar-95,-1.10,0.00,1.00,0.00,0.00,0.00,31.10,3.50,6619,-1429.45,-1671.076584
Apr-95,0.36,0.00,1.00,0.00,0.00,0.00,14.00,-16.20,3850,-4198.45,-2165.727564
May-95,0.18,0.00,1.00,0.00,0.00,0.00,14.50,-9.00,2253,-5795.45,-3926.884416
Jun-95,-0.57,0.00,1.00,0.00,0.00,0.00,15.60,-1.50,4654,-3394.45,-878.296875
Jul-95,0.37,0.00,1.00,0.00,0.00,0.00,14.50,4.20,11062,3013.55,6057.427878
Aug-95,-0.60,0.00,1.00,0.00,0.00,0.00,14.30,0.80,5239,-2809.45,-4026.143506
Sep-95,-0.19,0.00,1.00,0.00,0.00,0.00,11.80,3.20,6670,-1378.45,-1598.390039
Oct-95,0.67,0.00,1.00,0.00,0.00,0.00,21.10,-1.30,13205,5156.55,3216.068909
Nov-95,-0.76,0.00,1.00,0.00,0.00,0.00,9.00,1.30,5159,-2889.45,-3838.091493
Dec-95,-0.50,0.00,0.00,0.00,0.00,1.00,10.00,-5.50,3813,-4235.45,-1383.639544
Jan-96,0.36,0.00,0.00,0.00,0.00,1.00,11.50,8.40,11206,3157.55,5930.25
Feb-96,-1.02,0.00,0.00,0.00,0.00,1.00,4.40,1.10,15313,7264.55,4783.50956
Mar-96,0.62,0.00,0.00,0.00,0.00,1.00,9.20,6.20,11927,3878.55,2005.106382
Apr-96,-0.19,0.00,0.00,0.00,0.00,1.00,4.80,7.80,10246,2197.55,804.038994
May-96,-0.12,0.00,0.00,0.00,0.00,1.00,5.50,1.30,2784,-5264.45,-8132.96736
Jun-96,-0.15,0.00,0.00,0.00,0.00,1.00,11.80,13.90,7199,-849.45,1349.7495
Jul-96,-0.01,0.00,0.00,0.00,0.00,1.00,8.20,6.80,13571,5522.55,6875.542422
Aug-96,0.03,0.00,0.00,0.00,0.00,1.00,14.40,4.60,9235,1186.55,-924.423661
Sep-96,0.91,0.00,0.00,0.00,0.00,1.00,1.60,6.90,11820,3771.55,1231.97672
Oct-96,0.15,0.00,0.00,0.00,0.00,1.00,0.90,4.20,16562,8513.55,4080.29125
Nov-96,1.14,0.00,0.00,0.00,0.00,1.00,17.90,-0.10,10024,1975.55,-410.1862185
Dec-96,-0.41,1.00,0.00,0.00,0.00,0.00,13.30,7.20,7900,-148.45,784.023464
Jan-97,2.10,1.00,0.00,0.00,0.00,0.00,5.70,4.10,9213,1164.55,2389.5
Feb-97,-0.53,1.00,0.00,0.00,0.00,0.00,7.60,13.30,20217,12168.55,11008.40194
Mar-97,-0.37,1.00,0.00,0.00,0.00,0.00,8.70,-8.50,8177,128.55,-4058.38368
Apr-97,0.04,1.00,0.00,0.00,0.00,0.00,15.50,-16.20,2689,-5359.45,-4332.41028
May-97,0.07,1.00,0.00,0.00,0.00,0.00,18.50,-22.40,2998,-5050.45,-2321.969328
Jun-97,1.42,1.00,0.00,0.00,0.00,0.00,12.70,-24.10,9115,1066.55,3138.047625
Jul-97,0.05,1.00,0.00,0.00,0.00,0.00,10.40,-9.50,10579,2530.55,2682.627498
Aug-97,-0.19,1.00,0.00,0.00,0.00,0.00,24.40,-19.80,16444,8395.55,7351.16816
Sep-97,-0.26,1.00,0.00,0.00,0.00,0.00,51.30,-14.80,7151,-897.45,-7621.92075
Oct-97,-0.09,1.00,0.00,0.00,0.00,0.00,22.80,-17.80,32239,24190.55,22017.58467
Nov-97,0.50,1.00,0.00,0.00,0.00,0.00,39.00,-15.20,30066,22017.55,12920.72343
Dec-97,0.30,1.00,0.00,0.00,0.00,0.00,41.20,-9.10,11846,3797.55,-3176.834584
Jan-98,-1.35,1.00,0.00,0.00,0.00,0.00,31.90,-23.50,13876,5827.55,5558.25
Feb-98,0.17,1.00,0.00,0.00,0.00,0.00,40.30,-19.20,20949,12900.55,8649.61566
Mar-98,0.24,1.00,0.00,0.00,0.00,0.00,54.80,-28.50,16797,8748.55,4216.39452
Apr-98,0.46,1.00,0.00,0.00,0.00,0.00,53.40,-24.40,28048,19999.55,15462.71694
May-98,0.37,1.00,0.00,0.00,0.00,0.00,56.30,0.50,19415,11366.55,-4687.533648
Jun-98,-0.41,1.00,0.00,0.00,0.00,0.00,70.70,9.90,7476,-572.45,-8300.2625
Jul-98,-0.27,1.00,0.00,0.00,0.00,0.00,66.60,14.60,12433,4384.55,-880.033914
Aug-98,1.25,1.00,0.00,0.00,0.00,0.00,92.20,9.80,22422,14373.55,12668.40218
Sep-98,-0.01,1.00,0.00,0.00,0.00,0.00,92.90,11.10,23914,15865.55,5670.958426
Oct-98,1.37,1.00,0.00,0.00,0.00,0.00,55.50,10.90,23221,15172.55,4885.357695
Nov-98,-1.08,1.00,0.00,0.00,0.00,1.00,74.00,12.50,6558,-1490.45,-6726.87786
Dec-98,-0.29,0.00,0.00,0.00,0.00,1.00,81.90,13.30,5215,-2833.45,-533.586704
Jan-99,0.28,0.00,0.00,0.00,0.00,1.00,62.00,15.60,4993,-3055.45,-813.7875
Feb-99,-0.58,0.00,0.00,0.00,0.00,1.00,66.30,8.60,7716,-332.45,1304.321776
Mar-99,0.62,0.00,0.00,0.00,0.00,1.00,68.80,8.90,5332,-2716.45,-1005.863742
Apr-99,-0.75,0.00,0.00,0.00,0.00,1.00,63.70,18.50,7861,-187.45,2675.977722
May-99,-0.01,0.00,0.00,0.00,0.00,1.00,106.40,1.30,4128,-3920.45,-5022.714816
Jun-99,0.30,0.00,0.00,0.00,0.00,1.00,137.70,1.00,9126,1077.55,2474.54075
Jul-99,0.53,0.00,0.00,0.00,0.00,1.00,113.50,4.80,18113,10064.55,9771.57756
Aug-99,-0.66,0.00,0.00,0.00,0.00,1.00,93.70,2.10,4314,-3734.45,-7464.09846
Sep-99,0.23,0.00,0.00,0.00,0.00,1.00,71.50,-0.40,4883,-3165.45,-2848.385042
Oct-99,-1.01,0.00,0.00,0.00,0.00,1.00,116.70,9.10,12247,4198.55,3123.00496
Nov-99,-0.23,0.00,0.00,0.00,0.00,1.00,133.20,13.10,4870,-3178.45,-3716.980755
Dec-99,-0.26,0.00,0.00,0.00,0.00,1.00,84.60,12.80,3632,-4416.45,-1450.61112
Jan-00,0.54,0.00,0.00,0.00,0.00,1.00,90.10,5.10,4721,-3327.45,-486.375
Feb-00,0.52,0.00,0.00,0.00,0.00,1.00,112.90,12.90,6313,-1735.45,81.6168186
Mar-00,0.16,0.00,0.00,0.00,0.00,1.00,138.50,9.40,7356,-692.45,1680.032664
Apr-00,-0.72,0.00,0.00,0.00,0.00,1.00,125.50,16.80,3885,-4163.45,-2606.450616
May-00,-0.44,0.00,0.00,0.00,0.00,1.00,121.60,3.60,4329,-3719.45,-1876.788228
Jun-00,0.08,0.00,0.00,0.00,0.00,1.00,124.90,-5.50,4874,-3174.45,-1897.464
Jul-00,0.21,0.00,0.00,0.00,0.00,1.00,170.10,-3.70,10309,2260.55,4370.261346
Aug-00,0.51,0.00,0.00,0.00,0.00,1.00,130.50,5.30,5765,-2283.45,-3231.768001
Sep-00,1.86,0.00,0.00,0.00,0.00,1.00,109.70,9.90,23650,15601.55,15076.12807
Oct-00,-1.05,0.00,0.00,0.00,0.00,1.00,99.40,9.70,22126,14077.55,3918.145472
Nov-00,0.52,0.00,0.00,0.00,0.00,1.00,106.80,22.40,7004,-1044.45,-5812.0722
Dec-00,0.19,0.00,0.00,0.00,0.00,1.00,104.40,7.70,5518,-2530.45,-406.540456
Jan-01,-1.21,0.00,0.00,0.00,0.00,1.00,95.60,8.90,11553,3504.55,5631.375
Feb-01,-0.52,0.00,0.00,0.00,0.00,1.00,80.60,11.90,18761,10712.55,8001.67474
Mar-01,-0.44,0.00,0.00,0.00,0.00,1.00,113.50,6.70,9967,1918.55,-1581.579756
Apr-01,-0.23,0.00,0.00,0.00,0.00,1.00,107.70,0.30,7977,-71.45,-199.8018792
May-01,-0.03,0.00,0.00,0.00,0.00,1.00,96.60,-9.00,10376,2327.55,1139.365836
Jun-01,0.19,0.00,0.00,0.00,0.00,1.00,134.00,1.80,9826,1777.55,-554.900825
Jul-01,0.08,0.00,0.00,0.00,0.00,1.00,81.80,-3.00,12628,4579.55,1452.807558
Aug-01,-0.14,0.00,0.00,0.00,0.00,1.00,106.40,-8.90,7220,-828.45,-2603.3406
Sep-01,0.24,0.00,0.00,0.00,0.00,1.00,150.70,1.40,8515,466.55,-903.345683
Oct-01,0.56,0.00,0.00,0.00,0.00,1.00,125.50,-1.90,23271,15222.55,12388.76349
Nov-01,-0.25,0.00,0.00,0.00,0.00,1.00,106.50,7.20,6812,-1236.45,-6494.29137
Dec-01,0.03,0.00,1.00,0.00,0.00,0.00,132.20,-9.10,7603,-445.45,1754.18796
Jan-02,0.53,0.00,1.00,0.00,0.00,0.00,114.10,2.70,6662,-1386.45,-49.03875
Feb-02,0.39,0.00,1.00,0.00,0.00,0.00,107.40,7.70,5461,-2587.45,-2056.838778
Mar-02,-0.83,0.00,1.00,0.00,0.00,0.00,98.40,-5.20,4266,-3782.45,-1008.03879
Apr-02,-0.82,0.00,1.00,0.00,0.00,0.00,120.70,-3.80,3727,-4321.45,-769.932108
May-02,0.59,0.00,1.00,0.00,0.00,0.00,120.80,-14.50,8366,317.55,2277.242772
Jun-02,-0.41,0.00,1.00,0.00,0.00,0.00,88.30,-6.30,9769,1720.55,587.873375
Jul-02,0.09,0.00,1.00,0.00,0.00,0.00,99.60,-7.60,6315,-1733.45,-4046.722902
Aug-02,0.14,0.00,1.00,0.00,0.00,0.00,116.40,-14.60,10484,2435.55,2910.808201
Sep-02,0.21,0.00,1.00,0.00,0.00,0.00,109.60,-7.60,13044,4995.55,1730.939761
Oct-02,-0.91,0.00,1.00,0.00,0.00,0.00,97.50,-7.40,16612,8563.55,3537.829019
Nov-02,0.21,0.00,1.00,0.00,0.00,0.00,95.50,-6.00,15467,7418.55,5011.384143
Dec-02,-0.13,0.00,1.00,0.00,0.00,0.00,80.80,-10.60,14634,6585.55,5370.54
Jan-03,0.60,0.00,1.00,0.00,0.00,0.00,79.70,-2.00,6731,-1317.45,-2642.4375
Feb-03,0.00,0.00,1.00,0.00,0.00,0.00,46.00,-7.40,8075,26.55,511.407372
Mar-03,-0.52,0.00,1.00,0.00,0.00,0.00,61.10,-6.80,7316,-732.45,808.76601
Apr-03,0.36,0.00,1.00,0.00,0.00,0.00,60.00,-5.50,3511,-4537.45,-2954.643318
May-03,-0.51,0.00,1.00,0.00,0.00,0.00,54.60,-7.40,3625,-4423.45,-2303.804748
Jun-03,0.02,0.00,1.00,0.00,0.00,0.00,77.40,-12.00,6947,-1101.45,595.756625
Jul-03,-0.09,0.00,1.00,0.00,0.00,0.00,83.30,2.90,6498,-1550.45,-376.8981426
Aug-03,-0.28,0.00,1.00,0.00,0.00,0.00,72.70,-1.80,2824,-5224.45,-4814.397
Sep-03,-0.02,0.00,1.00,0.00,0.00,0.00,48.70,-2.20,2444,-5604.45,-4422.459751
Oct-03,-0.45,0.00,1.00,0.00,0.00,0.00,65.50,-1.90,5062,-2986.45,-2881.451718
Nov-03,-0.21,0.00,1.00,0.00,0.00,0.00,67.30,-3.40,6640,-1408.45,1128.795591
Dec-03,-0.14,0.00,0.00,1.00,0.00,0.00,46.50,9.80,15027,6978.55,9245.99704
Jan-04,-0.17,0.00,0.00,1.00,0.00,0.00,37.30,-11.60,7985,-63.45,-1537.2375
Feb-04,1.03,0.00,0.00,1.00,0.00,0.00,45.80,8.60,3957,-4091.45,-4437.5601
Mar-04,0.06,0.00,0.00,1.00,0.00,0.00,49.10,0.20,2901,-5147.45,-1663.495902
Apr-04,0.17,0.00,0.00,1.00,0.00,0.00,39.30,-15.40,3442,-4606.45,-173.8535832
May-04,0.53,0.00,0.00,1.00,0.00,0.00,41.50,13.10,7811,-237.45,1933.306872
Jun-04,0.14,0.00,0.00,1.00,0.00,0.00,43.20,-14.40,7303,-745.45,-1546.83075
Jul-04,0.34,0.00,0.00,1.00,0.00,0.00,51.10,-6.90,11194,3145.55,2486.432664
Aug-04,-0.61,0.00,0.00,1.00,0.00,0.00,40.90,-7.60,4026,-4022.45,-5286.207906
Sep-04,-0.73,0.00,0.00,1.00,0.00,0.00,27.70,-2.80,7466,-582.45,-98.2401679
Oct-04,-0.15,0.00,0.00,1.00,0.00,0.00,48.00,-3.70,12683,4634.55,2308.745369
Nov-04,-0.19,0.00,0.00,1.00,0.00,0.00,43.50,-9.30,11565,3516.55,2791.348686
Dec-04,0.03,0.00,0.00,1.00,0.00,0.00,17.90,-8.00,5254,-2794.45,-2469.920768
Jan-05,0.76,0.00,0.00,1.00,0.00,0.00,31.30,1.80,4780,-3268.45,-1041.5625
Feb-05,-0.42,0.00,0.00,1.00,0.00,0.00,29.20,-29.10,2556,-5492.45,-3714.494958
Mar-05,0.11,0.00,0.00,1.00,0.00,0.00,24.50,0.20,2258,-5790.45,-1645.551756
Apr-05,-0.42,0.00,0.00,1.00,0.00,0.00,24.20,-11.20,5367,-2681.45,2166.20514
May-05,0.45,0.00,0.00,1.00,0.00,0.00,42.70,-14.50,12540,4491.55,5236.520856
Jun-05,0.19,0.00,0.00,1.00,0.00,0.00,39.30,2.60,14972,6923.55,3299.42575
Jul-05,-0.09,0.00,0.00,1.00,0.00,0.00,40.10,0.90,8503,454.55,-6514.462926
Aug-05,-0.20,0.00,0.00,1.00,0.00,0.00,36.40,-6.90,7000,-1048.45,-1353.083305
Sep-05,0.49,0.00,0.00,1.00,0.00,0.00,21.90,3.90,24091,16042.55,14800.55433
Oct-05,0.21,0.00,0.00,1.00,0.00,0.00,8.70,10.90,26465,18416.55,8044.00275
Nov-05,0.01,0.00,0.00,1.00,0.00,0.00,18.00,-2.70,11313,3264.55,-3360.486273
Dec-05,1.31,0.00,0.00,1.00,0.00,0.00,41.10,0.60,3750,-4298.45,-3874.3264
Jan-06,-1.46,0.00,0.00,1.00,0.00,0.00,15.30,12.70,4035,-4013.45,-1217.0625
Feb-06,-0.25,0.00,0.00,1.00,0.00,0.00,4.90,0.10,3536,-4512.45,-2240.715092
Mar-06,0.65,0.00,0.00,1.00,0.00,0.00,10.60,13.80,3429,-4619.45,-936.86994
Apr-06,0.81,0.00,0.00,1.00,0.00,0.00,30.20,15.20,2633,-5415.45,-1323.68148
May-06,-0.78,0.00,0.00,1.00,0.00,0.00,22.30,-9.80,1397,-6651.45,-3881.502744
Jun-06,-0.16,0.00,0.00,1.00,0.00,0.00,13.90,-5.50,2048,-6000.45,-2973.35625
Jul-06,-0.14,0.00,0.00,1.00,0.00,0.00,12.20,-8.90,2805,-5243.45,-346.865301
Aug-06,0.03,0.00,0.00,1.00,0.00,0.00,12.90,-15.90,4436,-3612.45,-1886.114321
Sep-06,0.21,0.00,0.00,1.00,0.00,0.00,14.40,-5.10,4752,-3296.45,-3050.202281
Oct-06,0.69,0.00,0.00,1.00,0.00,0.00,10.50,-15.30,4497,-3551.45,-4563.597585
Nov-06,-0.26,0.00,0.00,1.00,0.00,0.00,21.40,-1.40,6080,-1968.45,810.68565
Dec-06,1.33,0.00,0.00,1.00,0.00,0.00,13.60,-3.00,6468,-1580.45,907.979296
Jan-07,1.69,0.00,0.00,1.00,0.00,0.00,16.80,-7.30,6187,-1861.45,-94.2525
Feb-07,0.40,0.00,0.00,1.00,0.00,0.00,10.70,-2.70,6479,-1569.45,-724.032218
Mar-07,-1.41,0.00,0.00,1.00,0.00,0.00,4.50,-1.40,8532,483.55,2777.728212
Apr-07,-0.81,0.00,0.00,1.00,0.00,0.00,3.40,-3.00,7794,-254.45,543.44169
May-07,0.33,0.00,0.00,1.00,0.00,0.00,11.70,-2.70,17753,9704.55,8651.70012
Jun-07,-0.07,0.00,0.00,1.00,0.00,0.00,12.10,5.00,7008,-1040.45,-7776.42625
Jul-07,0.69,0.00,0.00,1.00,0.00,0.00,9.70,-4.30,10737,2688.55,-1657.80351
Aug-07,-0.04,0.00,0.00,1.00,0.00,0.00,6.00,2.70,5671,-2377.45,-3478.312677
Sep-07,-0.99,0.00,0.00,1.00,0.00,0.00,2.40,1.50,7601,-447.45,-918.121922
Oct-07,-0.99,0.00,0.00,1.00,0.00,0.00,0.90,5.40,8717,668.55,-1722.582386
Nov-07,0.34,0.00,0.00,1.00,0.00,0.00,1.70,9.80,12600,4551.55,5524.05864
Dec-07,-0.72,0.00,0.00,0.00,1.00,0.00,10.10,14.40,6919,-1129.45,-1213.252096
Jan-08,-0.53,0.00,0.00,0.00,1.00,0.00,3.30,14.10,6732,-1316.45,279.97125
Feb-08,0.93,0.00,0.00,0.00,1.00,0.00,2.10,21.30,4560,-3488.45,-3004.265552
Mar-08,0.44,0.00,0.00,0.00,1.00,0.00,9.30,12.20,3887,-4161.45,-961.97895
Apr-08,0.63,0.00,0.00,0.00,1.00,0.00,2.90,4.50,5195,-2853.45,942.695226
May-08,0.03,0.00,0.00,0.00,1.00,0.00,3.20,-4.30,8718,669.55,1541.90484
Jun-08,-0.39,0.00,0.00,0.00,1.00,0.00,3.40,5.00,8623,574.55,-768.217
Jul-08,-0.50,0.00,0.00,0.00,1.00,0.00,0.80,2.20,5931,-2117.45,-3898.739502
Aug-08,1.24,0.00,0.00,0.00,1.00,0.00,0.50,9.10,8102,53.55,665.6944
Sep-08,-1.25,0.00,0.00,0.00,1.00,0.00,1.10,14.10,7164,-884.45,-2766.33639
Oct-08,-0.06,0.00,0.00,0.00,1.00,0.00,2.90,13.40,19465,11416.55,9237.11322
Nov-08,-0.12,0.00,0.00,0.00,1.00,0.00,4.10,17.10,17319,9270.55,5642.16492
Dec-08,-0.16,0.00,0.00,0.00,0.00,0.00,0.80,13.30,4431,-3617.45,-5562.7488
